projectName,projectId,teamSize,budget,workload,completionTime,estimateDuration,tasks
Drive bleeding-edge systemsT,34Kw0,9,15079.42,heavy,2025-07-08 13:39:58,33,5000
Re-intermediate end-to-end architecturesX,koZkD,6,29464.55,medium,2025-09-09 13:39:58,48,5000
Grow scalable communitiesQ,65J5W,13,32154.14,heavy,2025-08-18 13:39:58,31,5000
Target front-end schemasK,PtRKi,6,39140.9,medium,2025-12-23 13:39:58,34,5000
Target real-time metricsQ,30nL7,9,37088.56,light,2025-12-11 13:39:58,35,5000
Scale b2b supply-chainsR,8frBs,7,20708.4,light,2025-11-09 13:39:58,28,5000
Orchestrate efficient usersR,4UB8d,17,44073.27,medium,2026-01-15 13:39:58,42,5000
Brand transparent nichesQ,nde6s,3,38869.72,medium,2025-10-15 13:39:58,52,5000
Target strategic networksL,eRQix,8,37446.39,medium,2025-05-24 13:39:58,31,5000
Revolutionize viral vortalsM,pJNlR,10,1829.04,medium,2025-05-16 13:39:58,36,5000
Productize b2c interfacesO,u6QzP,19,3621.68,light,2025-12-05 13:39:58,47,5000
Visualize frictionless technologiesD,JrOtk,10,41678.7,heavy,2025-06-15 13:39:58,31,5000
Re-contextualize strategic e-tailersJ,xAO7b,17,1574.69,medium,2025-07-15 13:39:58,32,5000
Strategize wireless modelsK,MjBwt,10,10594.97,medium,2026-03-19 13:39:58,49,5000
Evolve e-business methodologiesV,d6chf,14,20115.02,light,2026-01-09 13:39:58,40,5000
Deploy dynamic e-servicesF,WvgEf,3,38487.18,medium,2025-09-09 13:39:58,41,5000
Benchmark holistic nichesW,HEWcn,20,28468.76,heavy,2025-08-21 13:39:58,18,5000
Expedite visionary deliverablesY,Ixfbm,15,12196.22,medium,2025-05-01 13:39:58,31,5000
Unleash front-end marketsM,Xyw5w,9,14300.3,medium,2025-05-27 13:39:58,31,5000
Productize virtual web-readinessH,nqIOU,13,37196.92,medium,2025-05-16 13:39:58,32,5000
Aggregate cutting-edge e-marketsR,sFtz3,17,9295.79,light,2025-04-20 13:39:58,47,5000
Incubate holistic convergenceL,lPNpz,20,5815.99,medium,2026-01-30 13:39:58,36,5000
Mesh e-business contentK,xeGIj,11,46527.48,medium,2025-08-06 13:39:58,33,5000
Enable front-end solutionsE,2ufwv,10,36578.38,medium,2026-01-27 13:39:58,36,5000
Embrace web-enabled paradigmsI,Io2dy,13,36879.1,light,2026-01-26 13:39:58,35,5000
Embrace frictionless web servicesM,NQrH2,6,33760.17,heavy,2025-11-15 13:39:58,33,5000
Revolutionize transparent convergenceP,XkMbW,11,18222.05,heavy,2025-09-03 13:39:58,26,5000
Incentivize holistic systemsS,pTNPE,13,32507.93,medium,2025-09-14 13:39:58,38,5000
Extend open-source schemasR,k0bVT,13,18565.26,medium,2025-09-04 13:39:58,41,5000
Envisioneer end-to-end paradigmsK,SqThD,6,13674.12,heavy,2025-04-26 13:39:58,48,5000
E-enable customized technologiesA,WIxe0,3,9995.14,medium,2025-04-30 13:39:58,36,5000
Envisioneer transparent vortalsV,sROMs,15,20855.33,light,2025-06-06 13:39:58,35,5000
Iterate virtual contentE,vxLqr,12,29162.94,medium,2026-01-29 13:39:58,51,5000
Productize front-end systemsS,h8FHw,3,4427.47,light,2025-09-15 13:39:58,30,5000
Facilitate e-business metricsL,eWdL1,16,32825.84,light,2025-10-10 13:39:58,16,5000
Generate clicks-and-mortar info-mediariesT,4q5Gj,8,44752.34,medium,2026-02-11 13:39:58,34,5000
Re-intermediate synergistic web-readinessV,PWAWD,12,48549.41,light,2025-10-15 13:39:58,45,5000
Deploy integrated usersW,F8mzf,7,10122.88,heavy,2026-01-26 13:39:58,42,5000
Engage cutting-edge contentK,1eTEo,17,49918.8,medium,2025-07-22 13:39:58,54,5000
Cultivate dynamic relationshipsE,VIUf3,4,46042.4,medium,2025-10-07 13:39:58,36,5000
Monetize rich info-mediariesV,7NsVZ,13,8042.71,heavy,2025-04-22 13:39:58,44,5000
Synergize dot-com initiativesJ,3GEjJ,3,23583.1,light,2025-12-29 13:39:58,37,5000
Brand cross-media networksF,BOFSX,7,27561.11,light,2025-12-01 13:39:58,53,5000
Enable sticky paradigmsG,ByQvR,10,31681.59,heavy,2026-02-25 13:39:58,29,5000
Aggregate web-enabled methodologiesF,mVn3S,18,31345.16,light,2025-11-09 13:39:58,30,5000
Morph plug-and-play methodologiesW,Csmpz,4,39534.8,heavy,2026-02-12 13:39:58,28,5000
Drive global action-itemsB,OfPwa,3,32140.25,medium,2025-06-26 13:39:58,36,5000
Harness transparent solutionsC,LmZh2,3,27442.63,medium,2025-09-03 13:39:58,46,5000
Drive integrated architecturesQ,1gbzK,6,38888.17,light,2025-07-29 13:39:58,43,5000
Monetize visionary schemasP,ZLb6D,11,12074.88,heavy,2025-05-18 13:39:58,37,5000
Incubate killer nichesB,HFDSh,12,46814.19,light,2025-11-07 13:39:58,38,5000
Deliver b2c roiP,pLKiR,14,24355.87,medium,2025-06-21 13:39:59,42,5000
Benchmark strategic web servicesH,WJb4D,6,37467.09,light,2025-12-14 13:39:59,46,5000
Implement bricks-and-clicks modelsM,rROnT,13,34246.59,light,2025-08-08 13:39:59,41,5000
Exploit distributed solutionsH,oFvcx,10,3863.02,heavy,2025-09-15 13:39:59,27,5000
Benchmark transparent e-commerceC,tTWhD,3,49063.29,light,2025-09-21 13:39:59,26,5000
Facilitate innovative e-servicesP,FDdCE,15,10769.48,heavy,2025-07-03 13:39:59,31,5000
Implement global web servicesP,bV0bH,11,2447.81,light,2025-05-04 13:39:59,52,5000
Orchestrate innovative relationshipsZ,fQXwg,3,27636.73,medium,2025-06-28 13:39:59,65,5000
Mesh collaborative convergenceC,HjYmT,10,2285.75,heavy,2025-11-10 13:39:59,40,5000
Generate e-business eyeballsP,UD6ua,10,21873.75,light,2025-09-06 13:39:59,56,5000
Envisioneer granular initiativesG,v0Q3V,11,42807.24,heavy,2025-07-03 13:39:59,44,5000
Incubate impactful synergiesG,vndpO,10,49461.14,light,2025-08-11 13:39:59,33,5000
Reinvent interactive contentR,EYPCg,6,44641.84,heavy,2025-04-27 13:39:59,39,5000
Scale bricks-and-clicks action-itemsK,rnKYl,3,3600.19,heavy,2025-05-12 13:39:59,53,5000
Synthesize turn-key roiU,VThD8,15,10687.66,medium,2026-01-18 13:39:59,38,5000
Architect web-enabled solutionsV,7W3GK,15,11739.97,medium,2025-11-23 13:39:59,34,5000
Incentivize 24/7 schemasR,d2Jjo,17,46913.21,medium,2025-08-12 13:39:59,22,5000
Transform one-to-one supply-chainsW,SaYFL,11,12794.75,medium,2025-05-18 13:39:59,46,5000
Cultivate end-to-end web servicesS,j0CbL,6,17923.17,light,2026-03-18 13:39:59,30,5000
Evolve cross-platform relationshipsX,6kUsd,15,12843.02,medium,2025-11-26 13:39:59,34,5000
Re-intermediate rich communitiesY,RoWxK,3,21381.0,light,2025-04-30 13:39:59,30,5000
Disintermediate real-time schemasI,qo6qA,5,38460.3,medium,2025-06-07 13:39:59,29,5000
Generate bleeding-edge functionalitiesK,dr744,12,22134.94,medium,2025-05-10 13:39:59,50,5000
Orchestrate killer e-servicesY,Asu53,4,4199.22,medium,2026-02-02 13:39:59,38,5000
Drive proactive deliverablesP,cjZBW,15,4020.98,light,2026-01-09 13:39:59,52,5000
Facilitate 24/365 modelsA,v8gQ7,9,8838.5,light,2026-01-19 13:39:59,39,5000
Monetize rich eyeballsG,7sgvI,19,27074.07,light,2026-03-11 13:39:59,49,5000
Orchestrate dynamic experiencesJ,8HdRu,8,25320.7,light,2025-08-19 13:39:59,32,5000
Strategize impactful interfacesQ,dyXtA,12,11672.05,heavy,2025-12-29 13:39:59,48,5000
Engineer granular e-commerceQ,1XKKd,16,32634.57,heavy,2025-05-22 13:39:59,38,5000
E-enable vertical mindshareH,1RV3D,6,22119.25,medium,2026-01-16 13:39:59,42,5000
Exploit strategic marketsZ,0V64S,13,20163.58,heavy,2025-12-16 13:39:59,50,5000
Reinvent front-end metricsK,59zzv,13,20456.61,heavy,2025-11-17 13:39:59,43,5000
Redefine killer portalsS,SwxjW,4,12969.78,heavy,2025-09-17 13:39:59,21,5000
Transition vertical applicationsR,yl7zS,14,14167.71,light,2025-06-23 13:39:59,44,5000
Reinvent scalable convergenceE,WV4aJ,20,17965.2,light,2026-01-13 13:39:59,28,5000
Unleash frictionless paradigmsW,lVavz,7,24207.25,heavy,2025-10-19 13:39:59,49,5000
Disintermediate turn-key vortalsF,jWvJq,14,36545.73,medium,2025-10-18 13:39:59,36,5000
Utilize interactive relationshipsD,kFqLp,16,23956.42,medium,2026-01-07 13:39:59,42,5000
Leverage world-class methodologiesR,mYqFm,18,48283.66,heavy,2025-12-31 13:39:59,46,5000
Integrate scalable schemasI,kqZkD,12,26787.17,heavy,2025-10-20 13:39:59,45,5000
Transition mission-critical marketsJ,Ngkym,17,1718.29,medium,2025-09-20 13:39:59,25,5000
Morph dot-com solutionsB,peLfS,11,7688.62,medium,2025-07-22 13:39:59,24,5000
Repurpose dynamic bandwidthD,WMHzs,8,7973.95,medium,2026-02-06 13:39:59,31,5000
Harness world-class convergenceT,8v4SL,11,12804.11,medium,2025-09-15 13:39:59,28,5000
Optimize interactive applicationsQ,rHI5A,6,43803.9,medium,2025-07-03 13:39:59,50,5000
Unleash dot-com roiE,rIuPc,12,20666.38,light,2025-07-15 13:39:59,33,5000
Architect granular initiativesO,x84Iq,11,15786.47,heavy,2026-02-19 13:39:59,36,5000
Optimize b2c solutionsR,5XuF2,15,27285.18,light,2025-04-27 13:39:59,31,5000
Engineer scalable vortalsH,iFm5y,17,17874.6,medium,2025-12-15 13:39:59,39,5000
Innovate integrated web servicesJ,PfVnt,15,43182.97,medium,2025-12-13 13:39:59,25,5000
Embrace one-to-one channelsU,lqy6F,20,12400.66,heavy,2025-04-29 13:39:59,47,5000
Utilize dot-com e-servicesE,KZtZ2,14,16592.96,light,2025-10-09 13:39:59,23,5000
Strategize vertical nichesN,zmgfQ,5,23408.47,light,2025-12-25 13:39:59,33,5000
Disintermediate one-to-one e-businessN,jxDvw,5,17122.06,medium,2025-04-29 13:39:59,32,5000
Incentivize robust mindshareF,46Aai,13,3987.51,heavy,2026-02-12 13:39:59,41,5000
Mesh scalable infrastructuresO,6URaM,18,16824.62,medium,2025-04-19 13:39:59,24,5000
Exploit seamless initiativesM,clZIq,10,38817.3,medium,2025-11-20 13:39:59,17,5000
Utilize efficient contentN,4jHFi,16,27068.74,heavy,2025-05-03 13:39:59,48,5000
Transform enterprise networksC,fj7kj,11,22557.85,light,2026-03-07 13:39:59,44,5000
E-enable customized web-readinessX,o4o8O,6,11256.87,heavy,2025-04-24 13:39:59,39,5000
Whiteboard granular info-mediariesX,4WGK3,15,11377.59,heavy,2026-01-12 13:39:59,27,5000
Monetize frictionless paradigmsX,qE9XI,12,15725.32,heavy,2025-10-07 13:39:59,36,5000
Redefine revolutionary portalsE,UerPQ,19,32232.31,heavy,2025-04-28 13:39:59,38,5000
Utilize real-time e-businessI,vU3HG,16,24660.52,light,2025-11-14 13:39:59,32,5000
Synthesize b2b e-tailersR,J00gz,17,23621.3,light,2026-02-10 13:39:59,34,5000
Drive 24/7 applicationsX,p5Px6,12,44371.41,light,2025-09-12 13:39:59,29,5000
Enable intuitive bandwidthX,rX8Na,6,36975.1,medium,2025-07-06 13:39:59,33,5000
Orchestrate magnetic eyeballsB,xTTBN,11,8947.6,light,2025-06-25 13:39:59,35,5000
Synergize value-added partnershipsA,Ol8Bj,14,47570.19,light,2025-10-07 13:39:59,38,5000
Scale dynamic bandwidthF,M7a32,13,4678.6,heavy,2025-08-29 13:39:59,35,5000
Visualize b2b action-itemsL,dNsbN,9,43082.15,light,2025-08-11 13:39:59,38,5000
Generate strategic technologiesZ,wwUZ5,16,44127.06,light,2025-07-06 13:39:59,50,5000
Brand virtual portalsP,51VhK,9,5197.78,medium,2025-12-13 13:39:59,52,5000
Iterate b2c vortalsL,l299k,6,32169.59,light,2025-05-23 13:39:59,32,5000
Harness bricks-and-clicks metricsV,N51KQ,3,24672.07,light,2026-01-28 13:39:59,45,5000
Deliver innovative e-commerceC,8fK9g,17,30392.65,medium,2026-02-01 13:39:59,35,5000
Monetize integrated supply-chainsW,3JbcX,14,19459.28,heavy,2025-10-05 13:39:59,36,5000
Engineer cross-platform synergiesP,Su8iz,9,25704.53,medium,2025-12-07 13:39:59,26,5000
Syndicate cross-media methodologiesD,44OGt,8,36821.84,heavy,2025-07-18 13:39:59,28,5000
Monetize granular contentO,dJv6L,20,37141.24,heavy,2025-06-18 13:39:59,49,5000
Orchestrate integrated schemasN,xSIn5,12,46889.99,light,2026-02-16 13:39:59,51,5000
Harness global mindshareN,qgJ3l,11,1901.23,medium,2025-10-01 13:39:59,22,5000
Repurpose 24/7 functionalitiesL,MC6PJ,6,16020.65,medium,2026-01-16 13:39:59,49,5000
Embrace global mindshareQ,QbFv3,17,20366.38,medium,2025-09-08 13:39:59,55,5000
Deliver scalable architecturesG,zP0po,18,38942.9,medium,2026-01-15 13:39:59,47,5000
Transform b2c infrastructuresH,utQ8V,8,31810.78,heavy,2026-01-07 13:39:59,39,5000
Innovate end-to-end e-marketsS,IeN8z,7,17196.45,medium,2025-06-21 13:39:59,33,5000
Evolve efficient marketsI,GjnZb,18,20042.44,medium,2025-05-01 13:39:59,43,5000
Incubate scalable contentY,a8IbN,13,24101.64,heavy,2025-09-10 13:39:59,36,5000
Grow wireless schemasW,KXfDE,17,6790.44,heavy,2026-01-04 13:39:59,44,5000
Whiteboard dynamic contentC,acxVQ,3,46106.83,medium,2025-05-30 13:39:59,50,5000
Whiteboard out-of-the-box synergiesR,4UTSk,12,31658.95,medium,2025-06-04 13:39:59,30,5000
Mesh clicks-and-mortar vortalsF,KCEon,12,26460.58,medium,2025-07-01 13:39:59,38,5000
Envisioneer turn-key e-servicesR,NQftK,3,23330.62,heavy,2025-10-23 13:39:59,29,5000
Innovate magnetic bandwidthL,mTGC4,14,31991.13,medium,2025-10-14 13:39:59,27,5000
Iterate vertical paradigmsK,07FKM,7,39154.72,medium,2025-10-12 13:39:59,40,5000
Embrace global supply-chainsW,3zj55,8,2701.11,light,2026-03-05 13:39:59,22,5000
Incentivize global technologiesL,jxI28,7,25005.15,light,2025-11-02 13:39:59,35,5000
Revolutionize next-generation action-itemsG,6z7wv,10,33744.6,medium,2025-06-12 13:39:59,47,5000
Enhance transparent modelsL,lO9Zs,4,25681.12,medium,2026-02-09 13:39:59,49,5000
Evolve b2b architecturesW,F7cO7,7,27884.87,medium,2025-12-24 13:39:59,33,5000
Expedite open-source architecturesW,0qrgI,8,30516.11,medium,2025-10-01 13:39:59,35,5000
Scale synergistic experiencesP,ULDXr,13,48559.05,light,2025-07-09 13:39:59,43,5000
Monetize cross-media e-marketsC,Km9eg,12,28581.64,medium,2025-05-24 13:39:59,33,5000
Target granular partnershipsN,TCBp2,4,36998.09,heavy,2025-08-31 13:39:59,31,5000
Visualize 24/365 info-mediariesA,tgVq1,13,6610.36,heavy,2025-10-23 13:39:59,44,5000
Engage real-time web-readinessH,VE5nY,12,23374.2,medium,2026-03-15 13:39:59,37,5000
Deploy one-to-one action-itemsI,XTaDz,4,10902.45,medium,2025-11-14 13:39:59,42,5000
E-enable strategic e-businessU,xYAsg,19,5400.91,light,2025-09-15 13:39:59,36,5000
Mesh compelling bandwidthM,Xa6oX,18,47504.8,medium,2025-10-14 13:39:59,33,5000
Scale magnetic systemsM,r4IaN,15,45332.54,heavy,2025-11-01 13:39:59,33,5000
Maximize web-enabled solutionsN,xrTdw,17,36428.14,light,2025-06-29 13:39:59,25,5000
Envisioneer granular e-tailersF,8mZl3,10,19325.84,medium,2025-12-29 13:39:59,42,5000
Monetize mission-critical modelsN,EnvNY,20,23894.4,heavy,2026-02-25 13:39:59,53,5000
Benchmark virtual infrastructuresV,4pTOq,6,16222.88,medium,2025-12-01 13:39:59,51,5000
Empower robust paradigmsG,1d7vr,10,29681.8,light,2026-01-13 13:39:59,51,5000
Harness open-source interfacesW,Evwd7,15,44091.55,heavy,2025-07-11 13:39:59,34,5000
Harness dot-com e-businessB,CDE5h,9,40793.08,heavy,2025-11-27 13:39:59,41,5000
Productize extensible systemsP,g4nsI,3,31910.66,medium,2025-04-20 13:39:59,47,5000
Engineer seamless experiencesR,IHDpk,7,20148.86,light,2025-09-14 13:39:59,45,5000
Whiteboard proactive networksA,jprH8,14,37147.4,light,2025-07-21 13:39:59,38,5000
Architect e-business e-marketsY,ASddD,14,15802.74,medium,2025-08-21 13:39:59,35,5000
Integrate compelling modelsU,7zvxP,20,49855.2,medium,2025-05-31 13:39:59,43,5000
Grow 24/365 platformsW,ujiFv,12,6503.41,heavy,2025-05-18 13:39:59,46,5000
Synergize revolutionary web servicesX,zgBSI,6,42026.58,light,2025-10-19 13:39:59,24,5000
Redefine clicks-and-mortar web-readinessH,Kv1yV,9,37494.22,light,2025-04-22 13:39:59,37,5000
Scale user-centric communitiesP,rMhXa,16,17941.21,heavy,2026-01-14 13:39:59,49,5000
Re-intermediate e-business supply-chainsC,H72pf,6,25464.27,medium,2025-11-08 13:39:59,41,5000
Integrate intuitive web servicesY,96K3X,4,18603.71,medium,2025-08-16 13:39:59,38,5000
Disintermediate back-end architecturesP,0ec9t,8,18674.7,medium,2025-08-16 13:39:59,53,5000
E-enable virtual solutionsJ,ZEVff,18,21363.7,medium,2025-07-13 13:39:59,42,5000
Iterate wireless marketsP,r8Bb0,9,13001.96,heavy,2025-09-03 13:39:59,33,5000
Enhance b2c e-businessH,fMwBg,18,38150.17,light,2025-12-10 13:39:59,49,5000
Repurpose sticky contentJ,s8FO3,16,13140.66,heavy,2025-09-18 13:39:59,37,5000
Repurpose frictionless convergenceU,rCGCg,19,44506.93,medium,2025-07-15 13:39:59,27,5000
Extend magnetic roiC,nLYPi,4,21853.01,medium,2025-09-08 13:39:59,20,5000
Re-contextualize leading-edge web servicesC,VmJMZ,6,7639.74,heavy,2026-02-08 13:39:59,34,5000
Engage magnetic e-commerceG,xbB2L,20,42516.47,medium,2026-02-10 13:39:59,34,5000
Orchestrate transparent systemsD,BJjwr,14,16497.08,medium,2025-07-15 13:39:59,33,5000
Matrix innovative initiativesL,XF0B3,19,37180.72,heavy,2025-11-05 13:39:59,37,5000
Integrate robust interfacesK,i3Ti2,7,9147.46,light,2025-07-05 13:39:59,44,5000
Empower value-added portalsS,REGnK,4,3191.82,light,2025-12-03 13:39:59,39,5000
Exploit compelling bandwidthI,tpVrS,14,4791.34,light,2025-08-18 13:39:59,43,5000
Morph cross-platform systemsQ,eSUja,16,47894.84,medium,2025-10-04 13:39:59,38,5000
Utilize turn-key systemsD,2oOtD,14,15211.16,medium,2025-06-18 13:39:59,46,5000
Synergize rich web servicesC,3Pbs7,9,49165.55,light,2025-09-19 13:39:59,45,5000
Revolutionize cross-platform functionalitiesK,BOMKd,6,31049.71,light,2025-11-13 13:39:59,32,5000
Innovate turn-key infrastructuresV,OHx6v,5,48059.85,light,2026-02-21 13:39:59,41,5000
Streamline efficient interfacesN,wHcsC,17,29075.88,heavy,2025-10-23 13:39:59,30,5000
Optimize virtual networksF,ATWs3,10,16584.26,light,2025-05-04 13:39:59,50,5000
Revolutionize end-to-end paradigmsR,z45pW,9,45831.53,light,2025-05-26 13:39:59,29,5000
Re-intermediate world-class web servicesB,3P90V,11,47024.27,heavy,2025-10-17 13:39:59,38,5000
Engineer leading-edge convergenceR,3C5lm,7,27890.93,heavy,2025-06-27 13:39:59,42,5000
Optimize front-end initiativesT,fra0s,4,39183.62,medium,2026-02-11 13:39:59,34,5000
Empower next-generation web servicesR,jkQQQ,18,40133.28,heavy,2026-01-27 13:39:59,30,5000
Utilize impactful convergenceT,JJFBg,13,42646.81,heavy,2025-05-24 13:39:59,19,5000
Extend end-to-end roiO,hJu1U,14,34992.59,heavy,2025-10-29 13:39:59,38,5000
Enable integrated initiativesR,2SbgV,9,29912.47,heavy,2025-06-02 13:39:59,44,5000
Seize integrated info-mediariesM,JIXfE,12,19396.49,light,2025-08-18 13:39:59,36,5000
Facilitate 24/7 web servicesD,ClRKS,13,38840.37,light,2026-01-09 13:39:59,41,5000
Re-intermediate scalable synergiesB,SPMsi,4,18766.53,light,2025-06-08 13:39:59,40,5000
Implement 24/7 contentQ,PS6K7,9,22553.65,light,2025-05-07 13:39:59,45,5000
Incentivize back-end interfacesG,juRIw,6,10742.2,heavy,2025-08-06 13:39:59,54,5000
Empower wireless nichesH,0UA67,20,10697.04,light,2025-09-14 13:39:59,27,5000
Implement world-class infrastructuresH,4dhFR,19,12779.05,light,2025-10-13 13:39:59,10,5000
Cultivate turn-key systemsE,cZL32,6,7869.93,heavy,2025-12-13 13:39:59,46,5000
Orchestrate clicks-and-mortar platformsS,20Fc3,11,11625.24,light,2026-01-19 13:39:59,13,5000
Disintermediate leading-edge e-commerceQ,0BskI,18,15155.44,light,2025-10-17 13:39:59,48,5000
Disintermediate cross-platform nichesI,e1yB0,17,8516.59,medium,2025-07-03 13:39:59,43,5000
Syndicate collaborative schemasS,JkN1I,6,27959.58,light,2025-08-05 13:39:59,34,5000
Aggregate synergistic architecturesU,8GmCG,17,4078.47,light,2025-09-03 13:39:59,37,5000
Monetize mission-critical partnershipsZ,KkPT7,8,27304.35,light,2025-07-31 13:39:59,26,5000
Engage cross-media web servicesK,eoXCr,16,48929.53,medium,2025-07-01 13:39:59,27,5000
Iterate back-end synergiesE,Yj1Ua,6,48851.09,heavy,2025-10-18 13:39:59,32,5000
Re-contextualize integrated synergiesN,KptAH,8,26880.07,heavy,2025-09-08 13:39:59,29,5000
Cultivate end-to-end solutionsP,cxDh0,18,31132.14,light,2026-02-10 13:39:59,28,5000
Optimize impactful architecturesD,dJdoK,4,38564.54,light,2026-01-14 13:39:59,39,5000
Utilize distributed schemasO,gsnfD,9,37105.39,medium,2025-07-10 13:39:59,32,5000
Enhance leading-edge platformsD,ZWpH8,11,42360.57,medium,2025-05-09 13:39:59,27,5000
Repurpose 24/365 usersV,5FPDJ,10,1675.26,light,2025-06-13 13:39:59,35,5000
Visualize clicks-and-mortar web-readinessX,cnjB4,9,11885.86,medium,2025-07-18 13:39:59,50,5000
Transform out-of-the-box portalsM,LHpba,20,28880.88,medium,2025-05-16 13:39:59,41,5000
Iterate innovative experiencesF,F1WfN,15,46069.36,light,2026-01-15 13:39:59,47,5000
Incubate real-time paradigmsI,NLZsn,4,7409.56,heavy,2025-11-17 13:39:59,24,5000
Unleash best-of-breed communitiesL,Va0j3,3,17780.01,heavy,2025-07-05 13:39:59,36,5000
Implement customized roiJ,1scP9,17,12948.47,heavy,2026-03-10 13:39:59,48,5000
E-enable transparent networksM,n2f8s,19,7211.67,medium,2025-05-22 13:39:59,44,5000
Benchmark transparent applicationsR,qG4KN,4,7040.58,heavy,2025-05-14 13:39:59,25,5000
Extend turn-key solutionsJ,NiGXA,20,43540.74,light,2025-08-10 13:39:59,41,5000
Optimize 24/365 bandwidthV,JnVfN,3,8432.03,medium,2025-07-02 13:39:59,27,5000
Brand best-of-breed partnershipsM,rlbSy,20,14347.3,medium,2026-01-01 13:39:59,51,5000
Synthesize cross-platform contentO,TS3Bh,7,9119.34,medium,2025-08-20 13:39:59,46,5000
Unleash granular applicationsY,pTwnj,8,45173.17,light,2025-08-28 13:39:59,26,5000
Brand plug-and-play methodologiesA,osmfl,7,45353.81,light,2025-07-26 13:39:59,41,5000
Synergize mission-critical nichesM,dQzZk,15,43440.03,medium,2025-09-04 13:39:59,36,5000
Utilize sticky portalsC,wr9mX,6,48560.51,medium,2026-01-31 13:39:59,46,5000
Revolutionize back-end portalsL,YXRtl,9,48480.11,light,2025-12-27 13:39:59,44,5000
Maximize leading-edge synergiesI,AdkH1,11,20440.72,medium,2025-11-15 13:39:59,25,5000
Visualize e-business supply-chainsR,XqixE,3,25286.59,light,2025-10-04 13:39:59,44,5000
Envisioneer proactive applicationsS,Ed2sc,7,2454.22,heavy,2025-05-28 13:39:59,29,5000
Maximize transparent experiencesI,Pm9AA,12,10540.82,heavy,2026-01-16 13:39:59,39,5000
Cultivate ubiquitous applicationsJ,nwsAF,7,31722.41,heavy,2025-09-21 13:39:59,43,5000
Target sticky platformsR,IDqFC,4,3730.31,medium,2025-05-10 13:39:59,58,5000
Utilize proactive e-marketsS,17SGt,15,18186.05,heavy,2025-06-16 13:39:59,38,5000
Envisioneer ubiquitous infrastructuresS,Uf6TS,11,10466.82,medium,2025-09-11 13:39:59,32,5000
Scale leading-edge e-tailersC,5irNL,3,8287.27,medium,2025-10-11 13:39:59,57,5000
Aggregate revolutionary info-mediariesC,GuZcr,10,16470.79,light,2025-08-30 13:39:59,50,5000
Orchestrate transparent methodologiesX,hgN8s,17,35752.04,light,2025-06-28 13:39:59,30,5000
Matrix distributed eyeballsF,j6imB,3,43890.46,medium,2025-05-15 13:39:59,31,5000
Utilize 24/7 mindshareZ,iwx37,10,29937.64,light,2025-08-09 13:39:59,24,5000
Revolutionize wireless initiativesU,keZR9,8,7940.51,medium,2025-06-20 13:39:59,32,5000
Deliver ubiquitous info-mediariesD,VTsOR,9,38420.05,medium,2025-09-19 13:39:59,31,5000
Mesh distributed nichesL,MnBGG,7,17774.9,light,2025-08-31 13:39:59,49,5000
Grow virtual platformsH,WJJkc,8,34256.24,light,2025-07-11 13:39:59,41,5000
Harness plug-and-play e-servicesN,P9Y4n,3,3298.92,medium,2025-08-05 13:39:59,47,5000
Reinvent interactive portalsN,cAqty,20,9843.89,medium,2025-10-15 13:39:59,32,5000
Syndicate one-to-one action-itemsQ,Xi0pV,19,48403.02,light,2025-07-20 13:39:59,28,5000
Embrace b2c systemsG,IQEVd,19,45205.56,light,2025-06-15 13:39:59,37,5000
Extend viral deliverablesL,GPZ7a,19,4375.78,light,2026-01-12 13:39:59,45,5000
Enhance out-of-the-box roiN,RO1kr,15,24590.07,light,2026-01-03 13:39:59,38,5000
Deliver leading-edge partnershipsR,8oioQ,3,13045.15,medium,2025-05-13 13:39:59,31,5000
Streamline user-centric action-itemsG,vo9eR,20,40622.09,light,2025-07-18 13:39:59,36,5000
Architect robust web-readinessS,JVxbm,17,40828.39,medium,2025-11-16 13:39:59,40,5000
Synergize cutting-edge technologiesG,jOu1A,15,39938.72,light,2025-07-24 13:39:59,35,5000
Redefine integrated deliverablesI,JJz5C,10,39102.72,light,2025-05-01 13:39:59,40,5000
Deliver e-business applicationsH,J1yIt,19,18754.1,medium,2025-04-23 13:39:59,35,5000
Engage e-business contentE,USSKf,8,12455.04,heavy,2025-05-27 13:39:59,44,5000
Re-intermediate rich paradigmsW,wg9xc,4,39299.92,light,2025-12-24 13:39:59,53,5000
Engage wireless e-servicesU,YuFhK,9,30585.03,light,2026-02-10 13:39:59,26,5000
Orchestrate customized marketsC,leYIe,14,24943.27,medium,2025-11-23 13:39:59,27,5000
Mesh ubiquitous metricsO,oNnXj,5,18414.72,medium,2025-06-23 13:39:59,46,5000
Engage clicks-and-mortar experiencesU,ixmEg,15,34373.42,medium,2025-06-08 13:39:59,35,5000
Aggregate value-added metricsJ,nuu7k,5,18670.29,heavy,2025-10-14 13:39:59,40,5000
Extend synergistic roiE,CqFXL,20,27920.35,medium,2025-12-16 13:39:59,52,5000
Drive distributed convergenceA,L0AlU,15,6456.09,medium,2025-11-07 13:39:59,44,5000
Cultivate distributed contentG,d6JLm,13,26362.99,heavy,2025-04-23 13:39:59,43,5000
Leverage compelling modelsE,4KuU8,8,9311.14,medium,2025-07-08 13:39:59,35,5000
Target dot-com schemasJ,gNkCD,13,15179.81,light,2026-02-05 13:39:59,43,5000
Monetize cutting-edge modelsS,0BHSs,7,46134.04,light,2025-05-30 13:39:59,33,5000
Synergize visionary action-itemsC,4nvIZ,13,12851.18,heavy,2026-02-11 13:39:59,27,5000
Productize interactive initiativesO,Q4IOU,17,14705.4,medium,2025-09-12 13:39:59,40,5000
Transition value-added platformsX,bkRXM,9,28871.37,medium,2025-05-30 13:39:59,52,5000
Mesh magnetic initiativesR,mFL2I,13,1106.83,light,2025-07-18 13:39:59,27,5000
Whiteboard web-enabled communitiesH,KhgZl,6,7435.78,heavy,2026-01-20 13:39:59,37,5000
Architect e-business networksC,YMLkK,3,4994.22,medium,2026-01-11 13:39:59,44,5000
Aggregate wireless modelsM,cgxVG,9,38135.91,heavy,2025-05-09 13:39:59,28,5000
Extend plug-and-play networksP,UAn1q,20,29832.09,medium,2025-09-17 13:39:59,49,5000
Deploy e-business e-marketsZ,UAaRz,5,27165.58,medium,2025-12-04 13:39:59,30,5000
Utilize holistic e-businessB,k5bCJ,17,34407.72,heavy,2025-12-02 13:39:59,29,5000
Brand synergistic mindshareJ,ejfHE,9,42353.11,heavy,2025-07-09 13:39:59,37,5000
Revolutionize plug-and-play communitiesA,3M25N,20,6600.64,light,2025-09-19 13:39:59,46,5000
Revolutionize e-business synergiesG,bBj07,11,43260.26,heavy,2025-05-22 13:39:59,21,5000
Scale dynamic vortalsE,CbqN0,13,32388.84,heavy,2025-08-22 13:39:59,45,5000
Scale robust schemasQ,JoEgW,5,11204.08,heavy,2026-01-05 13:39:59,46,5000
Seize transparent portalsR,urUVH,17,12698.92,light,2025-07-21 13:39:59,25,5000
Productize interactive e-marketsW,3Aepg,11,30417.22,medium,2025-11-22 13:39:59,33,5000
Cultivate 24/365 usersI,MxaYF,16,9158.84,heavy,2025-10-04 13:39:59,33,5000
Productize killer methodologiesT,Ro9Ky,3,2521.77,heavy,2025-12-26 13:39:59,32,5000
Transition best-of-breed e-businessL,q4v9i,3,22120.24,heavy,2025-11-29 13:39:59,36,5000
Repurpose frictionless convergenceE,AxYtQ,12,44397.13,heavy,2025-05-28 13:39:59,46,5000
Enhance turn-key e-tailersW,c2XjA,8,27169.89,heavy,2026-01-15 13:39:59,37,5000
Synthesize robust e-servicesM,sygJW,15,32462.46,light,2026-02-25 13:39:59,35,5000
Strategize plug-and-play nichesL,p1yFa,16,49082.8,medium,2025-07-21 13:39:59,25,5000
Integrate transparent schemasI,4y3wB,17,4805.31,heavy,2025-09-11 13:39:59,39,5000
Monetize turn-key paradigmsD,FaaeT,17,8296.21,medium,2025-06-30 13:39:59,39,5000
Enable plug-and-play action-itemsI,7vqeH,13,2367.99,medium,2025-08-09 13:39:59,30,5000
Evolve synergistic platformsQ,6gToN,15,18811.05,heavy,2025-11-16 13:39:59,33,5000
Morph proactive methodologiesK,5Hujk,6,14542.95,medium,2026-02-02 13:39:59,31,5000
Engineer real-time supply-chainsJ,34Z7v,15,49971.15,medium,2025-10-26 13:39:59,17,5000
Benchmark compelling interfacesQ,qm2FL,15,34954.12,heavy,2025-12-09 13:39:59,37,5000
Reinvent virtual roiH,l6H0c,17,44050.41,medium,2025-12-12 13:39:59,36,5000
Re-contextualize killer metricsN,GxLtA,12,8776.82,light,2025-11-05 13:39:59,29,5000
Orchestrate granular paradigmsF,OIyDw,18,4023.35,medium,2025-10-19 13:39:59,39,5000
Enhance collaborative web-readinessU,FwRru,6,26163.89,light,2025-06-25 13:39:59,30,5000
Deliver robust communitiesT,Zm9rR,16,33728.71,heavy,2025-06-11 13:39:59,32,5000
Redefine user-centric partnershipsM,Jk6jH,5,17176.91,medium,2025-06-20 13:39:59,44,5000
Deliver bleeding-edge marketsK,7Ldmg,8,48223.78,medium,2026-02-14 13:39:59,38,5000
Synergize impactful experiencesT,wrMge,9,35919.88,medium,2026-02-18 13:39:59,27,5000
Iterate 24/365 deliverablesV,3ucr8,12,17171.27,medium,2025-12-23 13:39:59,42,5000
Streamline interactive mindshareI,AJGNq,4,40963.54,light,2025-10-28 13:39:59,22,5000
Matrix extensible modelsG,vnfyT,7,30847.05,medium,2025-10-28 13:39:59,41,5000
Transition integrated bandwidthW,DZH77,9,21921.24,light,2025-11-24 13:39:59,36,5000
Seize web-enabled vortalsD,9IEd7,9,44806.16,heavy,2025-07-06 13:39:59,36,5000
Enable dynamic paradigmsV,OE8bn,17,25931.78,light,2025-05-25 13:39:59,35,5000
Aggregate magnetic initiativesR,vYntK,12,10942.53,heavy,2025-11-14 13:39:59,44,5000
Enable b2c roiZ,sImk0,12,26141.32,medium,2025-09-01 13:39:59,42,5000
Extend best-of-breed bandwidthD,K0zxO,11,32728.9,light,2025-12-14 13:39:59,32,5000
Expedite mission-critical metricsN,cGmY6,5,19026.35,medium,2026-03-02 13:39:59,22,5000
Extend one-to-one interfacesM,btJYG,5,16809.48,heavy,2025-12-19 13:39:59,40,5000
Synergize customized partnershipsJ,z6yVK,8,39854.88,heavy,2025-05-01 13:39:59,42,5000
Evolve viral deliverablesP,Kd7iz,5,7491.05,medium,2025-11-13 13:39:59,44,5000
Orchestrate user-centric schemasA,i8tmL,17,9598.08,heavy,2025-12-13 13:39:59,18,5000
Scale magnetic synergiesD,sMC5A,10,36056.29,heavy,2026-01-30 13:39:59,26,5000
Brand cross-media mindshareP,hZNWh,9,43499.11,medium,2025-12-19 13:39:59,38,5000
Unleash open-source info-mediariesT,6mgWR,17,9910.85,heavy,2025-08-16 13:39:59,29,5000
Transition transparent marketsN,V3mo0,8,30326.54,light,2025-05-31 13:39:59,44,5000
Synthesize revolutionary web-readinessH,44kwq,17,19083.36,heavy,2025-10-02 13:39:59,26,5000
Transition innovative action-itemsW,Ayb4t,13,1564.9,medium,2026-01-26 13:39:59,41,5000
Generate impactful e-tailersY,6jmLF,9,9280.16,medium,2025-09-02 13:39:59,26,5000
Exploit efficient synergiesC,i6DPs,19,48972.85,light,2026-02-21 13:39:59,50,5000
Evolve extensible metricsF,ctKNU,18,23435.34,heavy,2025-06-14 13:39:59,28,5000
Synthesize seamless infrastructuresD,5w92b,12,1963.01,light,2025-07-30 13:39:59,27,5000
Orchestrate killer channelsS,g74MU,3,29388.96,light,2025-09-23 13:39:59,42,5000
Enhance strategic infrastructuresV,BcGGP,8,49482.17,medium,2025-11-16 13:39:59,26,5000
Matrix holistic e-businessS,yoqNA,7,32103.11,light,2026-02-07 13:39:59,28,5000
Mesh magnetic portalsE,DKS0G,19,40140.94,heavy,2025-04-29 13:39:59,22,5000
Target front-end communitiesU,QAn6R,4,38081.11,heavy,2025-05-13 13:39:59,30,5000
E-enable turn-key mindshareQ,UVfmT,7,34480.0,heavy,2025-04-24 13:39:59,27,5000
Whiteboard value-added schemasO,kU8Bu,11,4465.84,medium,2025-06-17 13:39:59,30,5000
E-enable world-class metricsQ,33SCK,3,14919.68,medium,2025-12-22 13:39:59,33,5000
Embrace proactive methodologiesE,w3MsK,14,22849.44,heavy,2025-10-12 13:39:59,30,5000
Deploy bricks-and-clicks synergiesK,kFSl7,9,43941.68,heavy,2025-11-12 13:39:59,44,5000
Enhance scalable infrastructuresE,65Bz2,4,5264.85,light,2025-06-26 13:39:59,42,5000
E-enable ubiquitous communitiesK,32jQH,16,4259.8,heavy,2025-07-29 13:39:59,26,5000
Incubate dot-com solutionsP,dP9Yo,4,40582.46,medium,2025-06-21 13:39:59,37,5000
Implement b2c methodologiesE,M7qLw,12,38700.87,medium,2025-07-24 13:39:59,42,5000
Unleash revolutionary vortalsK,ay8zW,10,4918.48,heavy,2026-01-04 13:39:59,27,5000
Deploy customized supply-chainsO,XAsMV,13,27464.68,heavy,2025-04-24 13:39:59,33,5000
Incentivize cutting-edge relationshipsI,7xv27,13,25604.96,light,2026-02-17 13:39:59,35,5000
Iterate impactful methodologiesY,Sa9Vl,8,39587.37,medium,2025-08-13 13:39:59,53,5000
Enhance front-end applicationsH,8CT7d,5,24502.98,heavy,2026-03-04 13:39:59,39,5000
Mesh vertical interfacesI,H6SS3,18,16865.88,heavy,2025-08-01 13:39:59,33,5000
Benchmark out-of-the-box synergiesI,dEWAs,13,5834.13,medium,2025-09-21 13:39:59,45,5000
Visualize real-time applicationsI,6tbtz,3,34808.15,light,2026-03-14 13:39:59,29,5000
Brand plug-and-play applicationsN,THqIY,12,47543.32,light,2026-02-07 13:39:59,43,5000
Incubate visionary paradigmsT,wbg7N,12,26669.0,light,2025-11-12 13:39:59,29,5000
Benchmark extensible eyeballsH,GNC38,6,7537.14,medium,2026-03-02 13:39:59,37,5000
Reinvent dot-com relationshipsB,FC0YL,17,15467.35,light,2026-01-15 13:39:59,23,5000
Engineer efficient technologiesK,RwArG,11,43354.16,medium,2025-08-10 13:39:59,38,5000
Benchmark next-generation roiQ,xzW7Z,11,17501.42,light,2025-12-30 13:39:59,50,5000
Enhance turn-key interfacesR,LXUfD,12,23550.71,medium,2025-05-26 13:39:59,30,5000
Scale mission-critical usersK,o6oD0,6,18308.5,light,2025-12-09 13:39:59,40,5000
Enhance extensible e-commerceA,2PZS3,17,31690.34,medium,2025-07-24 13:39:59,19,5000
Expedite frictionless methodologiesE,pPwtS,5,1998.87,heavy,2025-09-08 13:39:59,27,5000
Re-intermediate global contentJ,3zuTB,15,6960.65,heavy,2025-08-16 13:39:59,46,5000
Strategize user-centric partnershipsT,S5dlc,13,16686.26,light,2026-01-18 13:39:59,28,5000
Reinvent 24/365 supply-chainsL,OSFh7,19,17542.43,medium,2025-05-12 13:39:59,24,5000
Embrace compelling channelsM,bw0Fo,8,39191.72,medium,2026-03-14 13:39:59,40,5000
Deploy 24/7 relationshipsG,XD7la,8,34499.84,light,2025-10-01 13:39:59,36,5000
Reinvent out-of-the-box schemasT,XnM0s,9,41838.56,light,2025-07-07 13:39:59,31,5000
Enhance 24/365 infrastructuresH,L2ZY7,4,39528.45,medium,2025-07-02 13:39:59,55,5000
Facilitate ubiquitous networksV,xRzHm,4,14428.75,heavy,2026-03-01 13:39:59,41,5000
Optimize distributed partnershipsQ,1l0Bw,9,45530.5,heavy,2026-01-19 13:39:59,48,5000
Extend wireless modelsZ,13bpx,19,1079.15,medium,2025-06-02 13:39:59,48,5000
Whiteboard virtual modelsG,wYtpZ,7,5327.86,heavy,2025-11-24 13:39:59,24,5000
Whiteboard innovative synergiesA,RKRHJ,13,12696.71,light,2026-03-18 13:39:59,35,5000
Envisioneer sticky channelsF,L6f2r,3,28526.83,heavy,2025-10-02 13:39:59,40,5000
Grow robust vortalsC,6zZGx,10,39401.27,light,2025-09-24 13:39:59,28,5000
Scale intuitive paradigmsF,1lEfx,18,35661.26,light,2025-08-27 13:39:59,41,5000
Revolutionize next-generation relationshipsK,jafm8,12,29335.81,medium,2025-07-01 13:39:59,43,5000
Reinvent cutting-edge technologiesH,nDN29,9,33392.46,light,2025-06-07 13:39:59,30,5000
Incentivize web-enabled architecturesH,rfIV3,11,46047.11,heavy,2025-09-11 13:39:59,35,5000
Deliver global nichesC,05ar2,6,11178.29,heavy,2026-03-17 13:39:59,31,5000
Visualize innovative networksI,xNbz1,3,16731.95,medium,2025-07-14 13:39:59,37,5000
Deploy b2c architecturesA,yyReI,15,25128.4,heavy,2025-09-17 13:39:59,37,5000
Target robust solutionsL,HX1MH,18,3691.16,heavy,2025-10-17 13:39:59,56,5000
Empower cross-media networksJ,NTlR1,3,37458.46,light,2025-10-19 13:39:59,32,5000
Re-contextualize visionary relationshipsG,QFE1w,6,5709.96,light,2026-02-21 13:39:59,28,5000
Facilitate strategic metricsO,kmY26,4,40136.98,light,2025-11-20 13:39:59,40,5000
Incentivize 24/365 bandwidthB,3tfZW,12,29811.86,heavy,2026-02-21 13:39:59,33,5000
Transform transparent methodologiesT,jMhqN,9,5665.59,light,2025-11-09 13:39:59,46,5000
Iterate compelling vortalsN,nUs4U,7,21498.53,medium,2025-08-01 13:39:59,41,5000
Integrate robust channelsO,b67q3,12,17828.79,medium,2025-11-21 13:39:59,40,5000
Envisioneer collaborative synergiesB,qAOO4,18,43720.65,heavy,2025-05-31 13:39:59,41,5000
Re-intermediate holistic convergenceZ,nnuK9,10,10845.43,heavy,2025-08-11 13:39:59,46,5000
Utilize rich e-servicesP,0fFj3,17,46703.63,heavy,2025-09-20 13:39:59,31,5000
Iterate granular solutionsZ,T3yGC,20,11142.46,light,2025-04-29 13:39:59,37,5000
Mesh ubiquitous technologiesJ,9vSDl,9,24538.01,medium,2025-07-19 13:39:59,44,5000
Exploit user-centric experiencesG,8DM0o,15,14879.94,medium,2025-11-25 13:39:59,44,5000
Harness b2b e-servicesP,meiIn,17,20351.16,medium,2025-09-20 13:39:59,30,5000
Scale collaborative initiativesK,F3fEa,8,35121.08,heavy,2025-11-29 13:39:59,43,5000
Generate intuitive metricsZ,ATCe7,19,47320.15,medium,2026-01-14 13:39:59,50,5000
Revolutionize 24/365 architecturesI,pnWvK,8,22043.52,light,2026-01-03 13:39:59,43,5000
Morph b2b e-servicesI,gDvNy,11,39814.09,light,2025-11-19 13:39:59,39,5000
Engineer scalable solutionsS,xpzJe,20,2360.42,medium,2025-12-25 13:39:59,40,5000
Reinvent magnetic functionalitiesW,ajJwQ,17,36191.98,heavy,2025-10-04 13:39:59,36,5000
Utilize turn-key relationshipsN,pqWty,20,5711.23,heavy,2025-06-13 13:39:59,42,5000
Strategize collaborative metricsC,JCfbf,13,16034.27,light,2025-06-21 13:40:00,37,5000
Morph b2c contentO,IEqSx,9,25264.7,medium,2025-08-11 13:40:00,29,5000
Strategize intuitive supply-chainsG,J1d59,3,37738.85,heavy,2025-12-18 13:40:00,27,5000
Re-intermediate integrated e-commerceQ,Oz6ET,14,42687.35,medium,2025-11-16 13:40:00,63,5000
Redefine user-centric deliverablesM,H3drI,14,30060.32,heavy,2026-02-04 13:40:00,45,5000
Reinvent wireless convergenceL,Kq1Ri,15,8964.88,medium,2025-05-31 13:40:00,31,5000
Drive cross-media relationshipsT,q5QBo,18,32145.77,heavy,2025-09-08 13:40:00,45,5000
Generate robust architecturesS,RJvPt,11,39337.47,medium,2025-05-08 13:40:00,43,5000
Enable innovative usersO,gJhRL,6,16450.47,medium,2025-12-07 13:40:00,38,5000
Enable best-of-breed interfacesL,EzYwk,9,10410.04,heavy,2025-07-29 13:40:00,28,5000
Engineer innovative roiG,kb8Sb,10,21780.85,light,2025-12-03 13:40:00,43,5000
Revolutionize cutting-edge web-readinessG,NweBE,4,4430.19,heavy,2025-05-01 13:40:00,49,5000
Morph magnetic mindshareA,n5rsj,6,12837.81,medium,2025-06-15 13:40:00,23,5000
Iterate e-business mindshareK,9nIy2,17,4806.14,medium,2026-02-07 13:40:00,28,5000
Incentivize web-enabled infrastructuresL,jyvjP,8,11076.24,medium,2025-07-18 13:40:00,24,5000
Harness enterprise mindshareD,JbC5N,11,29402.64,light,2026-01-03 13:40:00,41,5000
Architect impactful deliverablesS,DnSqD,6,40359.11,medium,2026-01-16 13:40:00,32,5000
Unleash back-end e-marketsU,xdfRC,9,15683.63,heavy,2025-12-08 13:40:00,44,5000
Whiteboard synergistic infrastructuresG,dAuxT,12,22936.39,light,2026-01-29 13:40:00,43,5000
Visualize plug-and-play synergiesJ,Jhyle,20,10402.91,light,2025-07-18 13:40:00,36,5000
E-enable scalable usersS,fWRdR,12,36206.24,heavy,2025-10-04 13:40:00,27,5000
Revolutionize front-end action-itemsP,LYLlc,5,19677.97,light,2025-05-20 13:40:00,58,5000
Exploit bleeding-edge action-itemsW,GI9Nc,11,28169.18,medium,2026-02-01 13:40:00,44,5000
Disintermediate best-of-breed e-servicesO,S39EE,9,37455.22,medium,2025-05-20 13:40:00,40,5000
Incubate transparent channelsS,dg65T,12,28329.62,medium,2025-04-29 13:40:00,44,5000
Engage holistic roiA,vKhaF,15,42650.65,medium,2025-04-28 13:40:00,49,5000
Matrix real-time methodologiesW,txEfW,9,49841.95,medium,2026-03-06 13:40:00,23,5000
Matrix leading-edge networksV,jQvBP,18,20631.1,medium,2026-02-24 13:40:00,43,5000
Benchmark viral technologiesT,5lhs1,4,22078.16,medium,2026-02-27 13:40:00,27,5000
E-enable mission-critical e-servicesM,vqr4n,13,20567.17,medium,2026-03-08 13:40:00,28,5000
Integrate transparent partnershipsU,hkjSz,14,12199.03,light,2026-02-19 13:40:00,35,5000
Deploy scalable partnershipsC,hDZmX,13,46454.2,light,2025-05-19 13:40:00,25,5000
Utilize bricks-and-clicks infrastructuresI,NlWmr,7,10315.23,medium,2025-08-08 13:40:00,25,5000
Unleash back-end marketsG,flhFq,15,25559.41,light,2026-02-26 13:40:00,49,5000
E-enable extensible portalsA,cPI70,9,28535.1,heavy,2025-04-30 13:40:00,32,5000
Orchestrate revolutionary interfacesT,WQm7b,6,4770.85,heavy,2025-10-02 13:40:00,38,5000
Productize innovative schemasM,iosRV,6,2579.02,heavy,2025-06-30 13:40:00,31,5000
Orchestrate impactful e-servicesZ,w8cQP,14,42515.85,medium,2025-06-16 13:40:00,36,5000
Re-contextualize out-of-the-box architecturesY,oelM0,20,47427.52,light,2025-12-22 13:40:00,37,5000
Extend e-business functionalitiesH,rqVaP,7,4212.65,light,2026-02-22 13:40:00,53,5000
Enhance front-end systemsI,wPQ18,8,23505.92,light,2025-08-07 13:40:00,54,5000
Matrix global networksF,67LxF,7,38779.88,heavy,2026-03-19 13:40:00,40,5000
Strategize customized applicationsO,kRLQc,15,34238.39,heavy,2025-08-22 13:40:00,46,5000
Envisioneer granular mindshareP,OwZ40,11,13821.51,heavy,2025-11-16 13:40:00,55,5000
Transition real-time technologiesD,wN06V,15,23400.81,medium,2025-12-19 13:40:00,34,5000
Integrate interactive systemsQ,unlEk,16,13046.77,medium,2025-08-15 13:40:00,31,5000
Target bleeding-edge paradigmsG,eDYql,3,49822.67,heavy,2025-09-28 13:40:00,41,5000
Revolutionize strategic platformsN,xNTbq,6,5911.17,heavy,2025-09-22 13:40:00,37,5000
Empower virtual web servicesP,8XtnF,8,46624.12,medium,2025-11-14 13:40:00,34,5000
Cultivate wireless platformsM,cSZVo,12,21194.36,light,2026-02-01 13:40:00,42,5000
Re-intermediate wireless web-readinessF,aB9pV,15,3042.25,medium,2026-01-15 13:40:00,42,5000
Embrace transparent partnershipsP,jNP6E,7,4604.91,medium,2025-05-27 13:40:00,36,5000
Empower revolutionary schemasB,gvAK2,3,13598.07,medium,2025-08-23 13:40:00,31,5000
Generate holistic e-marketsK,yYYJT,8,39879.91,medium,2025-09-17 13:40:00,36,5000
Exploit efficient e-businessY,U5XGz,6,17417.67,medium,2025-12-29 13:40:00,20,5000
Repurpose dot-com functionalitiesB,7dMyO,8,23555.24,heavy,2025-10-08 13:40:00,42,5000
Re-intermediate cross-platform architecturesA,MeXl7,17,48904.37,heavy,2025-04-20 13:40:00,43,5000
Repurpose dot-com supply-chainsD,OtvA6,20,18641.43,light,2026-03-11 13:40:00,26,5000
Mesh seamless solutionsV,yW2Uu,11,10875.46,heavy,2025-11-11 13:40:00,42,5000
Leverage real-time supply-chainsS,LA7JK,5,38600.82,medium,2025-09-06 13:40:00,39,5000
Visualize impactful networksU,eUCU2,17,12296.92,medium,2026-03-03 13:40:00,27,5000
Morph bleeding-edge paradigmsN,Ek0U7,7,37943.19,heavy,2026-02-16 13:40:00,37,5000
Benchmark impactful communitiesQ,yVvwO,4,2473.79,medium,2026-03-09 13:40:00,30,5000
E-enable bricks-and-clicks functionalitiesA,onOrK,20,27675.27,light,2025-05-10 13:40:00,28,5000
Disintermediate strategic functionalitiesQ,l9L9J,20,2962.91,heavy,2025-07-20 13:40:00,41,5000
Morph real-time vortalsM,HleBk,17,2951.82,medium,2025-12-30 13:40:00,22,5000
Seize compelling communitiesW,ID8YZ,16,27803.39,light,2026-02-13 13:40:00,19,5000
Generate bleeding-edge contentZ,U7E89,20,38221.47,medium,2026-01-16 13:40:00,37,5000
Generate seamless systemsX,9N2RF,8,8110.04,light,2025-09-04 13:40:00,32,5000
Unleash efficient web servicesP,72DLB,6,15651.5,heavy,2025-08-21 13:40:00,22,5000
Architect intuitive synergiesH,dVsZx,14,49198.21,heavy,2026-01-03 13:40:00,28,5000
Deploy viral portalsU,Aw2eE,9,38327.1,medium,2026-03-16 13:40:00,34,5000
Reinvent integrated e-marketsG,xIEyl,12,20996.16,light,2026-01-20 13:40:00,35,5000
Evolve intuitive nichesK,VV8mz,3,6056.25,light,2025-04-22 13:40:00,37,5000
Reinvent dynamic usersV,leifi,9,36923.55,light,2025-05-09 13:40:00,34,5000
Facilitate next-generation solutionsC,j3uyw,11,3927.05,medium,2025-04-23 13:40:00,47,5000
Innovate vertical networksP,F1TrQ,5,20172.84,heavy,2026-03-16 13:40:00,24,5000
Maximize killer web servicesX,uv22J,19,10745.66,medium,2025-12-01 13:40:00,28,5000
Innovate innovative deliverablesY,kklYF,3,44502.47,light,2026-03-13 13:40:00,33,5000
Envisioneer cross-platform networksU,YdtIh,12,6199.07,medium,2026-01-23 13:40:00,54,5000
Mesh visionary synergiesH,8063B,8,18629.13,heavy,2026-03-03 13:40:00,31,5000
Synergize leading-edge e-tailersT,RNbFJ,9,45233.07,heavy,2026-02-28 13:40:00,30,5000
Cultivate granular web-readinessU,WTdud,6,5202.29,medium,2025-09-05 13:40:00,56,5000
Transition e-business portalsF,SyC8J,7,15479.85,light,2025-10-17 13:40:00,47,5000
Strategize distributed portalsA,2EZJF,18,16942.0,medium,2025-06-18 13:40:00,46,5000
Mesh ubiquitous methodologiesW,BQkeW,14,2866.5,heavy,2025-11-05 13:40:00,31,5000
Transition enterprise platformsB,exyjT,20,38081.24,medium,2026-01-14 13:40:00,48,5000
Enable cutting-edge convergenceJ,rxvyg,10,43760.21,medium,2025-11-23 13:40:00,23,5000
Mesh wireless experiencesF,eBSXV,20,38398.98,medium,2026-02-28 13:40:00,31,5000
Innovate open-source schemasP,m5ulU,13,1974.74,heavy,2026-03-08 13:40:00,27,5000
Revolutionize b2b vortalsF,ZVkGK,13,18721.27,medium,2025-09-26 13:40:00,52,5000
Brand virtual schemasZ,qK887,17,12905.59,medium,2025-04-24 13:40:00,37,5000
Incentivize cross-platform contentS,LQAXc,8,45308.14,light,2026-03-08 13:40:00,33,5000
Deliver distributed e-businessK,Ax0m6,16,14231.66,heavy,2026-02-23 13:40:00,46,5000
Maximize real-time synergiesX,lJja9,17,45750.06,light,2025-08-20 13:40:00,24,5000
Integrate distributed modelsJ,g8jNv,11,6454.35,light,2026-01-29 13:40:00,37,5000
Evolve seamless nichesM,EdOMZ,16,26504.68,heavy,2026-03-09 13:40:00,40,5000
Harness mission-critical networksH,RKANM,19,13483.91,medium,2025-05-01 13:40:00,45,5000
Embrace cross-media channelsB,HpT9x,8,29878.0,medium,2025-11-01 13:40:00,39,5000
Utilize transparent vortalsQ,VirsC,12,24730.57,medium,2026-01-15 13:40:00,46,5000
Expedite extensible initiativesU,11gSP,14,4939.71,medium,2025-07-10 13:40:00,35,5000
Incubate b2b bandwidthZ,d38r1,15,33819.9,medium,2026-03-05 13:40:00,34,5000
Enhance efficient contentD,pxiuK,3,29085.6,medium,2025-12-19 13:40:00,33,5000
Expedite proactive e-businessL,EPFJ3,18,7946.56,light,2025-06-26 13:40:00,37,5000
Generate collaborative bandwidthL,YFjMY,6,49060.14,heavy,2025-05-31 13:40:00,40,5000
Syndicate sticky partnershipsC,bQXlT,15,10040.16,medium,2025-09-20 13:40:00,28,5000
Reinvent vertical experiencesB,3D0qt,20,27258.63,heavy,2025-07-10 13:40:00,24,5000
Incubate magnetic usersM,jNb0I,9,31049.46,heavy,2025-07-12 13:40:00,37,5000
Harness distributed supply-chainsU,B5aA6,11,26861.94,medium,2026-03-04 13:40:00,49,5000
Scale revolutionary relationshipsK,6UDGk,17,47381.01,light,2025-08-11 13:40:00,25,5000
Architect next-generation metricsP,CrkMz,20,5482.5,light,2025-08-26 13:40:00,52,5000
E-enable rich deliverablesN,M60Xc,11,43065.8,heavy,2025-11-21 13:40:00,54,5000
Syndicate enterprise eyeballsH,HMc1k,3,11987.57,light,2025-10-11 13:40:00,28,5000
Optimize collaborative portalsX,LmC4n,8,25294.9,light,2025-11-26 13:40:00,42,5000
Optimize end-to-end action-itemsJ,t2koy,7,6749.73,heavy,2025-10-27 13:40:00,42,5000
Monetize magnetic partnershipsP,pmHLc,8,42779.73,heavy,2025-08-18 13:40:00,37,5000
Enable cross-media convergenceS,tA1zS,11,40596.29,light,2026-01-24 13:40:00,46,5000
Empower innovative interfacesJ,fVwz9,16,4236.46,light,2025-11-11 13:40:00,35,5000
Morph 24/7 portalsO,c2weW,9,36540.23,heavy,2025-11-25 13:40:00,24,5000
Maximize 24/7 info-mediariesQ,UbBcN,14,27436.83,medium,2025-05-11 13:40:00,26,5000
Productize end-to-end channelsC,UjqQP,11,16381.2,medium,2025-12-04 13:40:00,24,5000
Grow leading-edge functionalitiesE,QxDKI,12,49645.72,light,2025-06-28 13:40:00,34,5000
Architect frictionless initiativesQ,qtjop,18,1651.07,medium,2025-09-29 13:40:00,28,5000
Grow seamless solutionsL,9NhOJ,8,16974.62,medium,2026-02-27 13:40:00,39,5000
Orchestrate world-class deliverablesB,Canfb,20,35881.16,heavy,2025-12-04 13:40:00,48,5000
Strategize cross-media initiativesT,waDPE,15,5960.12,light,2026-03-05 13:40:00,35,5000
Repurpose real-time platformsH,e81D8,14,49644.16,heavy,2025-12-22 13:40:00,59,5000
Cultivate killer paradigmsO,bb6YV,7,42612.55,heavy,2026-01-30 13:40:00,61,5000
Iterate impactful synergiesV,yd2Ae,16,45750.24,medium,2025-09-06 13:40:00,42,5000
Mesh holistic schemasZ,BR2E8,19,21995.1,light,2026-01-23 13:40:00,28,5000
Utilize bleeding-edge e-businessR,RbhMT,16,17372.75,heavy,2025-10-15 13:40:00,35,5000
Exploit bricks-and-clicks vortalsU,32GOF,15,48646.64,light,2025-08-18 13:40:00,16,5000
Evolve vertical mindshareP,L41BD,5,2885.98,light,2025-07-04 13:40:00,36,5000
Scale global channelsG,MNvGF,10,6194.43,heavy,2025-10-12 13:40:00,43,5000
Maximize collaborative roiS,GXy20,11,10855.34,light,2026-01-03 13:40:00,22,5000
Benchmark cross-media e-businessT,iSTID,7,5847.4,light,2025-12-20 13:40:00,28,5000
Facilitate out-of-the-box e-businessF,JJNzn,5,10547.19,medium,2025-06-15 13:40:00,35,5000
Matrix cutting-edge action-itemsM,h0Fra,4,9640.4,medium,2026-01-15 13:40:00,39,5000
Benchmark impactful experiencesX,RJgdK,17,35312.2,light,2025-09-04 13:40:00,45,5000
Architect b2c functionalitiesZ,DfEvS,20,45558.21,heavy,2025-10-29 13:40:00,26,5000
Seize efficient web servicesA,qhrfx,4,31493.48,heavy,2025-06-04 13:40:00,47,5000
Utilize cross-platform architecturesH,pjgVD,16,3210.67,light,2025-09-22 13:40:00,42,5000
Revolutionize 24/7 platformsT,Yd8tW,11,27395.75,medium,2025-06-10 13:40:00,47,5000
Target rich functionalitiesA,AXkeN,11,16050.38,medium,2025-08-30 13:40:00,37,5000
Generate sticky systemsY,WA4rK,19,48710.64,light,2026-03-11 13:40:00,33,5000
Engineer customized web servicesI,M6ka8,15,38132.23,medium,2025-05-22 13:40:00,39,5000
Implement clicks-and-mortar roiD,dqR8A,7,14113.38,medium,2025-08-17 13:40:00,40,5000
Generate clicks-and-mortar schemasE,BCc9u,5,28467.02,medium,2025-08-28 13:40:00,42,5000
Matrix b2b convergenceN,6I5uC,14,43675.23,medium,2026-01-21 13:40:00,30,5000
Synergize next-generation relationshipsU,qMLAb,16,5660.58,medium,2026-02-27 13:40:00,54,5000
Deploy dynamic schemasE,PkkXQ,3,40901.74,light,2025-10-09 13:40:00,46,5000
Whiteboard virtual eyeballsR,wI1iu,20,1319.5,heavy,2026-01-09 13:40:00,49,5000
Cultivate intuitive nichesQ,aevVG,16,30534.35,medium,2025-07-27 13:40:00,39,5000
Repurpose wireless infrastructuresB,H204t,8,34135.17,medium,2025-06-12 13:40:00,33,5000
Mesh value-added web servicesT,sx5Z1,4,36370.12,light,2025-10-25 13:40:00,60,5000
Synergize compelling contentQ,XMeXj,19,4344.4,heavy,2025-11-30 13:40:00,30,5000
Synergize end-to-end initiativesZ,4rzUm,19,1799.67,medium,2026-03-10 13:40:00,37,5000
E-enable open-source action-itemsG,NOMMe,12,32634.92,heavy,2025-10-28 13:40:00,45,5000
Enhance plug-and-play vortalsB,mLgbi,5,41875.74,light,2025-12-13 13:40:00,23,5000
Incubate global vortalsD,O3y05,18,36284.28,medium,2026-02-09 13:40:00,36,5000
Innovate one-to-one experiencesL,yzy7N,14,24924.15,medium,2025-08-09 13:40:00,38,5000
Innovate bleeding-edge infrastructuresX,i9qAa,13,7624.37,light,2026-03-15 13:40:00,53,5000
Redefine plug-and-play web servicesM,F07T9,8,32734.1,medium,2026-02-09 13:40:00,46,5000
E-enable innovative contentZ,itY0T,5,17087.69,light,2025-12-16 13:40:00,38,5000
Target real-time deliverablesU,9xE3s,4,27065.29,light,2025-09-30 13:40:00,34,5000
Enhance next-generation metricsB,BteCD,15,15289.33,light,2025-04-30 13:40:00,44,5000
Matrix value-added portalsB,pW6q2,6,37265.62,medium,2025-10-02 13:40:00,27,5000
Harness robust applicationsN,jy1qg,5,2268.79,heavy,2025-06-23 13:40:00,40,5000
Disintermediate bricks-and-clicks roiD,d9WuJ,13,14846.0,light,2025-10-07 13:40:00,30,5000
Disintermediate ubiquitous infrastructuresE,v8ATS,4,35405.5,heavy,2026-02-04 13:40:00,24,5000
Orchestrate turn-key contentW,A3bGh,16,2393.56,heavy,2025-06-20 13:40:00,40,5000
Expedite world-class systemsE,FwJHi,20,17296.87,medium,2025-05-07 13:40:00,28,5000
Iterate web-enabled vortalsX,d5s1Y,20,5489.89,heavy,2026-01-20 13:40:00,32,5000
Monetize wireless architecturesS,UMpmy,20,32068.72,heavy,2025-09-14 13:40:00,30,5000
Synergize clicks-and-mortar usersO,aFq2Y,11,20922.83,light,2025-08-23 13:40:00,33,5000
Orchestrate proactive deliverablesP,18So2,18,40213.6,heavy,2025-12-04 13:40:00,45,5000
Monetize interactive communitiesR,n0C3r,18,30806.81,heavy,2025-10-05 13:40:00,33,5000
Integrate best-of-breed contentK,bWWhy,16,18976.78,medium,2025-12-03 13:40:00,37,5000
Leverage b2c initiativesR,VL8s6,6,44138.91,medium,2025-07-12 13:40:00,33,5000
Facilitate out-of-the-box web-readinessD,zqHu9,5,22239.27,heavy,2025-12-29 13:40:00,25,5000
Redefine extensible bandwidthO,7LoUx,20,30983.02,medium,2025-07-01 13:40:00,24,5000
Engineer sticky e-businessR,PSVN0,16,15468.02,heavy,2025-10-09 13:40:00,36,5000
Engage strategic initiativesX,XQxNN,5,25205.29,light,2025-10-20 13:40:00,20,5000
Enhance ubiquitous interfacesU,AuJZV,18,8400.23,light,2026-01-14 13:40:00,36,5000
Transform plug-and-play info-mediariesE,Bm0bS,4,33753.1,light,2025-12-16 13:40:00,34,5000
Matrix wireless channelsK,U1HSv,17,22768.13,heavy,2026-02-08 13:40:00,37,5000
Repurpose cross-platform systemsN,hsMnC,12,12353.59,heavy,2026-01-08 13:40:00,36,5000
Implement bricks-and-clicks applicationsV,NWrFR,13,38078.43,light,2025-04-30 13:40:00,30,5000
Matrix clicks-and-mortar paradigmsF,VBs34,8,37513.59,heavy,2025-07-27 13:40:00,33,5000
Re-contextualize turn-key architecturesT,JorkJ,3,32130.63,light,2025-10-13 13:40:00,35,5000
Scale frictionless e-marketsZ,W6Wzs,9,19290.85,medium,2025-11-20 13:40:00,52,5000
Synthesize holistic functionalitiesS,PiqBD,18,40044.24,medium,2025-07-05 13:40:00,27,5000
Aggregate global interfacesD,LmBC9,5,35649.32,medium,2025-08-28 13:40:00,50,5000
Expedite b2b marketsQ,FrmpA,3,47206.25,medium,2025-07-06 13:40:00,56,5000
Embrace customized functionalitiesR,zvuYC,4,11955.02,light,2025-09-19 13:40:00,32,5000
Matrix bricks-and-clicks contentY,G11Ep,16,42195.71,heavy,2026-02-26 13:40:00,27,5000
Streamline virtual nichesB,nZU5j,8,49995.09,medium,2025-08-12 13:40:00,38,5000
Iterate user-centric e-servicesV,iILWY,19,20999.01,medium,2025-04-20 13:40:00,37,5000
Transition 24/365 portalsJ,spIEE,17,19672.85,heavy,2026-01-06 13:40:00,37,5000
Matrix back-end initiativesG,VlsyZ,15,42456.81,heavy,2025-12-14 13:40:00,52,5000
Facilitate real-time roiP,j7ek3,14,45437.02,medium,2025-08-03 13:40:00,35,5000
Brand viral schemasZ,Kk0tC,18,32000.02,medium,2025-05-20 13:40:00,23,5000
Aggregate enterprise infrastructuresO,LFxYt,9,18046.03,light,2026-02-27 13:40:00,39,5000
Synthesize mission-critical portalsU,XTRTg,5,34001.74,medium,2025-07-06 13:40:00,25,5000
Re-intermediate holistic deliverablesM,qVmKE,8,6713.88,light,2026-03-17 13:40:00,37,5000
Grow b2b convergenceF,oYjAJ,8,31227.88,light,2025-10-30 13:40:00,44,5000
Optimize best-of-breed action-itemsY,t7kjF,17,31524.71,medium,2025-11-08 13:40:00,47,5000
Matrix mission-critical interfacesH,45WlF,12,22827.64,light,2025-09-01 13:40:00,34,5000
Leverage sticky modelsT,OKgy4,11,46722.78,light,2025-11-20 13:40:00,30,5000
Extend seamless deliverablesT,kjpMl,10,45856.03,medium,2025-06-07 13:40:00,39,5000
Implement visionary channelsP,EEeFT,4,47522.02,heavy,2025-08-27 13:40:00,25,5000
Extend sticky synergiesA,0l3zX,12,31945.43,heavy,2025-09-12 13:40:00,37,5000
Streamline ubiquitous systemsA,jAi7N,12,29777.48,light,2025-08-06 13:40:00,30,5000
Enhance cutting-edge architecturesQ,sUqRl,13,22516.68,medium,2026-01-31 13:40:00,49,5000
Enable back-end eyeballsB,A9QNA,5,47755.93,light,2025-05-20 13:40:00,57,5000
E-enable mission-critical systemsS,HZ3Lm,12,15238.93,heavy,2025-09-14 13:40:00,41,5000
Implement intuitive deliverablesX,n2bmD,7,19418.51,light,2025-08-12 13:40:00,44,5000
Visualize enterprise methodologiesA,MhG3k,8,37376.75,light,2025-11-06 13:40:00,19,5000
Productize b2b functionalitiesL,GrnNR,4,32287.99,light,2025-10-29 13:40:00,48,5000
Productize magnetic modelsU,UHdkq,11,18170.48,light,2025-06-07 13:40:00,44,5000
Iterate cutting-edge technologiesC,4jkGx,18,33093.9,light,2025-08-20 13:40:00,44,5000
Productize open-source initiativesV,7Lbwl,7,19200.66,heavy,2025-09-30 13:40:00,51,5000
Monetize viral architecturesZ,Fk9WS,8,49083.89,medium,2025-04-27 13:40:00,40,5000
Enhance world-class solutionsB,ttMxI,19,34298.04,medium,2025-05-09 13:40:00,38,5000
Drive virtual e-tailersF,ctr3n,5,19610.04,heavy,2025-11-18 13:40:00,41,5000
Strategize virtual initiativesX,PwItu,18,4723.75,medium,2025-12-17 13:40:00,39,5000
Harness transparent applicationsR,X7qRk,14,30142.71,medium,2025-06-25 13:40:00,31,5000
Strategize 24/7 deliverablesE,aQFSC,12,8533.83,medium,2025-06-21 13:40:00,36,5000
Syndicate impactful experiencesF,jpAkc,4,15595.29,heavy,2026-02-05 13:40:00,31,5000
Seize front-end nichesP,Ju6y3,11,3314.34,heavy,2025-08-28 13:40:00,49,5000
Benchmark real-time networksR,NCPox,17,25132.58,light,2025-07-23 13:40:00,32,5000
Incubate open-source deliverablesJ,CKhT2,17,47211.96,heavy,2026-02-03 13:40:00,48,5000
Generate one-to-one bandwidthB,pFX7T,15,11413.15,medium,2026-01-05 13:40:00,30,5000
Revolutionize clicks-and-mortar eyeballsD,ld1P5,3,25171.52,medium,2026-03-14 13:40:00,25,5000
Extend holistic roiM,zkqxv,12,10735.65,heavy,2025-10-10 13:40:00,24,5000
Extend e-business synergiesN,l8XtS,3,43436.63,medium,2025-11-22 13:40:00,59,5000
Engage impactful architecturesF,sXkDX,9,30098.69,heavy,2026-03-08 13:40:00,30,5000
Empower one-to-one partnershipsJ,XnEnd,13,46657.67,heavy,2025-06-02 13:40:00,41,5000
Aggregate 24/365 e-tailersQ,ObYZQ,4,39147.69,heavy,2025-11-25 13:40:00,48,5000
Incentivize end-to-end infrastructuresE,KTl0j,12,47988.75,medium,2026-01-17 13:40:00,39,5000
Cultivate cutting-edge supply-chainsV,osgnz,6,19596.94,medium,2025-06-08 13:40:00,27,5000
Target intuitive interfacesL,LXW7H,18,18796.89,heavy,2026-01-18 13:40:00,37,5000
Matrix sticky paradigmsN,c1JAz,17,3682.9,medium,2026-01-11 13:40:00,30,5000
Embrace interactive e-businessR,OyRzr,6,15767.04,medium,2026-03-14 13:40:00,43,5000
Engage mission-critical platformsM,zjFJD,6,9523.43,light,2025-12-22 13:40:00,40,5000
Evolve enterprise bandwidthK,Ud8HU,10,25207.31,light,2025-08-03 13:40:00,39,5000
Extend frictionless methodologiesG,MEGtO,12,48951.87,heavy,2025-07-09 13:40:00,51,5000
Synergize ubiquitous metricsS,A3LIF,11,29644.54,medium,2026-01-17 13:40:00,43,5000
Disintermediate magnetic web-readinessD,W4H1L,20,6409.01,heavy,2025-08-17 13:40:00,36,5000
Extend turn-key web-readinessD,9rfqS,9,27720.89,heavy,2025-08-08 13:40:00,50,5000
Aggregate innovative networksP,aCulD,14,24908.24,medium,2025-12-06 13:40:00,44,5000
Integrate leading-edge action-itemsX,aesW9,15,30991.66,medium,2025-09-04 13:40:00,30,5000
Drive leading-edge channelsL,Nd73z,20,8791.88,light,2026-01-04 13:40:00,21,5000
Target bricks-and-clicks technologiesE,eE4DP,10,32799.07,medium,2025-09-02 13:40:00,39,5000
Visualize robust initiativesE,6Pj7k,4,23254.82,medium,2025-12-11 13:40:00,34,5000
Harness strategic technologiesZ,TWNRJ,5,41218.71,heavy,2025-11-24 13:40:00,32,5000
Visualize e-business deliverablesM,JE24s,13,15051.91,light,2026-02-27 13:40:00,38,5000
Engage enterprise schemasH,7UCvo,13,23437.74,light,2026-03-10 13:40:00,36,5000
Incentivize compelling platformsY,IWiza,15,25874.7,light,2025-10-05 13:40:00,39,5000
Re-contextualize seamless communitiesD,aTi0r,7,8128.1,heavy,2025-12-08 13:40:00,51,5000
Aggregate magnetic convergenceO,4mPbn,15,41575.19,heavy,2025-08-24 13:40:00,36,5000
Extend customized web-readinessY,eKbbL,16,2317.73,light,2025-04-28 13:40:00,49,5000
Facilitate user-centric e-commerceE,49xEI,8,15350.75,light,2025-12-30 13:40:00,52,5000
Target sticky portalsX,hwo7k,13,16817.94,light,2026-01-23 13:40:00,49,5000
Engage user-centric e-marketsH,Jz5BR,20,26785.32,medium,2025-11-27 13:40:00,31,5000
Visualize web-enabled web-readinessU,SOLpg,6,25919.86,heavy,2025-06-06 13:40:00,41,5000
Repurpose enterprise roiI,PSyQ2,7,8707.66,light,2025-08-26 13:40:00,41,5000
Syndicate turn-key applicationsO,0yECG,7,43480.4,heavy,2025-12-24 13:40:00,41,5000
Synthesize virtual e-marketsY,wg1uC,6,35493.26,light,2025-11-01 13:40:00,49,5000
Repurpose visionary supply-chainsF,0zZke,9,35033.87,heavy,2026-02-24 13:40:00,46,5000
Unleash sticky applicationsN,AoEEm,19,27421.71,medium,2025-08-06 13:40:00,27,5000
Exploit leading-edge eyeballsX,3SVXy,15,49336.4,light,2025-07-13 13:40:00,28,5000
Grow interactive convergenceM,GLYpw,13,7731.81,medium,2025-10-05 13:40:00,21,5000
Seize best-of-breed paradigmsH,Dqgze,18,38910.9,medium,2026-01-08 13:40:00,29,5000
Maximize holistic communitiesU,i2oiZ,4,26657.84,light,2025-09-01 13:40:00,47,5000
Visualize proactive applicationsI,Oqhfa,11,24097.68,light,2025-08-13 13:40:00,45,5000
Iterate proactive deliverablesB,JnSfV,8,2574.72,medium,2025-06-24 13:40:00,38,5000
Integrate value-added architecturesL,DHAJX,17,49526.18,light,2025-05-09 13:40:00,51,5000
Brand innovative usersA,RmnPL,12,39342.08,light,2025-10-08 13:40:00,43,5000
Expedite strategic solutionsO,G2k9a,17,36442.72,medium,2025-08-10 13:40:00,38,5000
Productize back-end paradigmsO,zuWYf,18,18677.31,medium,2025-08-28 13:40:00,41,5000
Brand transparent deliverablesY,a52Df,20,5115.65,light,2025-09-22 13:40:00,34,5000
Transform frictionless synergiesJ,MtU0l,3,34281.62,light,2026-01-07 13:40:00,29,5000
Orchestrate holistic communitiesE,keXLt,5,17851.93,heavy,2026-03-19 13:40:00,29,5000
Scale clicks-and-mortar roiH,cD61y,14,14317.6,light,2025-05-01 13:40:00,41,5000
Maximize rich vortalsS,uMLhN,14,15172.68,light,2025-11-28 13:40:00,39,5000
Monetize proactive roiN,Z65Gp,17,2320.48,heavy,2025-07-28 13:40:00,29,5000
Target bricks-and-clicks vortalsH,rDxUM,6,33690.61,medium,2025-12-12 13:40:00,41,5000
Generate dynamic initiativesP,5qTbb,17,35282.98,light,2025-11-27 13:40:00,44,5000
Matrix 24/7 e-businessN,rkLOE,4,23936.72,heavy,2025-12-25 13:40:00,24,5000
Re-contextualize scalable relationshipsN,bHtH5,18,41333.6,light,2026-03-08 13:40:00,41,5000
Strategize mission-critical action-itemsD,wDLDR,9,1845.08,medium,2025-06-19 13:40:00,43,5000
Target leading-edge deliverablesP,2oS9u,4,46857.33,medium,2025-05-21 13:40:00,49,5000
Exploit wireless mindshareV,qa3oq,10,35535.98,heavy,2025-10-15 13:40:00,36,5000
Benchmark wireless experiencesV,Emktm,17,27236.61,heavy,2025-07-30 13:40:00,46,5000
Embrace plug-and-play initiativesO,E10Gz,3,24426.8,light,2026-01-12 13:40:00,46,5000
Maximize clicks-and-mortar info-mediariesS,XMhkJ,11,29161.51,light,2025-12-08 13:40:00,33,5000
Leverage front-end e-commerceV,EJgdq,18,43228.44,medium,2026-02-02 13:40:00,47,5000
Revolutionize world-class info-mediariesS,bTYKe,11,27708.47,medium,2025-05-01 13:40:00,29,5000
Integrate interactive mindshareM,OHPJ2,17,46402.71,heavy,2026-02-06 13:40:00,44,5000
Iterate dynamic systemsO,pWLt0,16,25348.33,medium,2025-11-07 13:40:00,35,5000
Deploy impactful portalsL,Xyl6o,6,32740.62,light,2025-12-02 13:40:00,32,5000
Evolve 24/365 usersI,0w3ym,8,46941.95,heavy,2026-03-12 13:40:00,32,5000
Generate value-added relationshipsL,eX8bV,9,11565.72,light,2025-11-02 13:40:00,19,5000
Seize one-to-one schemasN,fh3q4,14,42033.39,heavy,2025-07-16 13:40:00,41,5000
Orchestrate ubiquitous synergiesT,etTOD,8,28688.57,medium,2026-01-01 13:40:00,22,5000
Visualize mission-critical info-mediariesV,yX8gQ,7,49498.42,heavy,2025-04-29 13:40:00,40,5000
Morph mission-critical metricsA,Da5HV,3,45417.96,light,2025-09-17 13:40:00,49,5000
Enhance compelling schemasJ,PlEog,7,27388.79,heavy,2025-09-08 13:40:00,25,5000
Envisioneer impactful partnershipsJ,k6FSr,13,35999.96,medium,2025-04-29 13:40:00,51,5000
Strategize granular infrastructuresJ,9kKMr,12,42322.86,heavy,2025-05-20 13:40:00,42,5000
Envisioneer intuitive partnershipsD,ZRp0C,15,21693.89,medium,2025-12-29 13:40:00,21,5000
Benchmark collaborative synergiesU,Rjru3,13,2138.97,light,2025-11-24 13:40:00,30,5000
Engineer customized web-readinessI,yvM7C,11,37938.14,heavy,2026-03-07 13:40:00,29,5000
Morph out-of-the-box nichesM,gWWHM,3,46214.45,light,2025-10-03 13:40:00,21,5000
Facilitate synergistic experiencesT,jfm1o,3,4229.79,heavy,2025-09-27 13:40:00,35,5000
Envisioneer synergistic architecturesR,zhsSz,8,20069.58,medium,2025-11-08 13:40:00,47,5000
Synthesize turn-key mindshareO,0Huhr,8,27304.43,medium,2025-09-10 13:40:00,39,5000
Seize cutting-edge metricsT,yVaa1,20,16584.55,medium,2026-01-18 13:40:00,38,5000
Exploit open-source applicationsO,7lz8K,15,27669.57,heavy,2026-01-15 13:40:00,37,5000
Engineer real-time portalsN,rYfvp,18,42937.4,light,2025-08-09 13:40:00,42,5000
Incubate vertical channelsN,tLKtx,14,3540.73,heavy,2025-10-21 13:40:00,33,5000
Leverage e-business info-mediariesB,7r2TY,8,21988.81,medium,2025-09-03 13:40:00,25,5000
Visualize one-to-one initiativesG,QAlc0,16,6991.14,medium,2025-11-28 13:40:00,44,5000
Envisioneer b2c platformsE,xWCfg,13,16879.65,heavy,2025-07-25 13:40:00,43,5000
Streamline cross-media functionalitiesK,mSV6A,13,36474.98,heavy,2026-02-11 13:40:00,22,5000
Synergize cross-media technologiesC,TiIPa,11,36360.39,medium,2025-09-01 13:40:00,37,5000
Morph virtual communitiesO,Q9Men,14,40462.02,heavy,2025-10-12 13:40:00,27,5000
Syndicate customized paradigmsZ,Ds0RD,11,12399.09,light,2026-02-28 13:40:00,35,5000
Facilitate compelling paradigmsV,F3fHo,9,24916.7,heavy,2026-01-04 13:40:00,53,5000
Extend viral nichesV,ztoko,19,34698.67,light,2025-07-20 13:40:00,41,5000
Transform magnetic deliverablesK,RHy9F,15,42990.27,heavy,2025-11-14 13:40:00,43,5000
Disintermediate rich e-businessC,Fttjx,20,44955.02,light,2025-06-19 13:40:00,40,5000
Expedite integrated networksO,JPCQ0,18,9897.14,heavy,2025-12-05 13:40:00,18,5000
Brand holistic nichesK,Q6CW6,16,46863.78,heavy,2026-03-19 13:40:00,39,5000
Redefine robust e-commerceC,Cs0dE,5,21696.99,heavy,2025-04-18 13:40:00,46,5000
Syndicate killer action-itemsZ,dun92,5,21225.24,light,2025-12-21 13:40:01,53,5000
Matrix innovative supply-chainsX,jbPcf,9,4533.25,light,2025-06-19 13:40:01,29,5000
Evolve user-centric mindshareY,QnUpZ,18,19097.93,medium,2025-08-13 13:40:01,34,5000
Benchmark bricks-and-clicks marketsG,mxZ4L,15,3192.18,light,2025-06-04 13:40:01,34,5000
Evolve next-generation bandwidthU,7Ee79,15,39565.6,heavy,2025-09-22 13:40:01,29,5000
Re-intermediate out-of-the-box modelsQ,kp4ga,7,8015.96,medium,2025-09-09 13:40:01,35,5000
Target enterprise mindshareS,em3si,20,19675.67,heavy,2025-07-14 13:40:01,29,5000
Engage wireless methodologiesB,qvj0T,15,30937.6,light,2025-10-12 13:40:01,31,5000
Brand b2b paradigmsI,T7wFi,20,9534.05,light,2025-08-18 13:40:01,54,5000
Drive proactive e-businessE,jLWHU,14,1549.27,light,2026-02-09 13:40:01,47,5000
Scale innovative synergiesP,Cw99D,8,15597.74,light,2025-05-02 13:40:01,43,5000
E-enable turn-key networksF,MHcay,5,26950.66,heavy,2025-06-22 13:40:01,39,5000
Brand global e-businessW,efvzL,4,4505.54,light,2026-03-06 13:40:01,38,5000
Monetize plug-and-play platformsW,M4sNj,13,29622.7,medium,2026-02-02 13:40:01,29,5000
Re-intermediate innovative web servicesR,glllS,9,19903.33,medium,2025-07-21 13:40:01,41,5000
Facilitate next-generation e-businessA,BX5RY,11,21797.63,medium,2025-05-09 13:40:01,29,5000
Incentivize plug-and-play initiativesG,s6jjB,17,14269.07,medium,2025-12-30 13:40:01,20,5000
Enhance frictionless nichesS,dXNMh,18,7656.81,light,2026-03-05 13:40:01,54,5000
Empower rich e-commerceL,2IvEo,4,1892.58,heavy,2026-01-14 13:40:01,48,5000
Seize magnetic action-itemsX,84YgF,4,45196.17,heavy,2025-05-27 13:40:01,49,5000
Exploit leading-edge experiencesW,MJFzo,17,4630.1,heavy,2025-11-19 13:40:01,25,5000
Disintermediate b2b applicationsX,goCu5,10,6563.14,heavy,2025-05-20 13:40:01,40,5000
Mesh open-source networksY,0bllA,19,15788.25,heavy,2026-01-19 13:40:01,31,5000
Revolutionize innovative methodologiesX,4V39K,20,48231.61,medium,2026-03-12 13:40:01,38,5000
Transform virtual contentP,IFHKa,4,45358.91,medium,2025-05-14 13:40:01,43,5000
Optimize sticky initiativesW,pAsa9,13,49519.72,medium,2025-08-09 13:40:01,52,5000
Enable 24/365 nichesA,PB0zw,12,2591.4,light,2025-10-22 13:40:01,35,5000
Generate bleeding-edge nichesQ,5wHGA,18,35044.07,heavy,2025-12-14 13:40:01,37,5000
Redefine efficient solutionsO,SYHlV,3,38885.23,medium,2026-03-13 13:40:01,34,5000
Re-intermediate real-time e-businessG,YI2e5,9,37282.13,heavy,2026-02-19 13:40:01,30,5000
Innovate strategic systemsD,asJLx,3,7467.51,heavy,2025-12-12 13:40:01,42,5000
Cultivate back-end deliverablesG,XQTzM,7,49062.53,heavy,2025-05-22 13:40:01,38,5000
Envisioneer open-source technologiesR,bR2pu,9,4679.28,heavy,2025-11-27 13:40:01,34,5000
Optimize integrated e-servicesL,fEgzE,17,11039.07,light,2025-06-30 13:40:01,44,5000
Unleash intuitive experiencesR,b7XRn,9,30880.37,light,2025-12-24 13:40:01,35,5000
Incubate web-enabled infrastructuresU,ysgxg,9,33956.76,heavy,2025-09-19 13:40:01,35,5000
Architect plug-and-play platformsZ,weKIR,16,38531.77,medium,2025-10-26 13:40:01,33,5000
Innovate frictionless technologiesC,fvaP3,18,1900.53,heavy,2025-06-03 13:40:01,42,5000
Scale clicks-and-mortar portalsS,ZxNuO,20,43567.84,light,2025-10-05 13:40:01,28,5000
Maximize efficient action-itemsR,pdeMT,14,39452.53,heavy,2026-01-13 13:40:01,37,5000
Orchestrate magnetic functionalitiesL,zEnyo,9,15070.72,medium,2025-05-22 13:40:01,39,5000
Generate cross-media solutionsE,zGNhV,7,21728.24,medium,2025-10-28 13:40:01,36,5000
Deliver viral synergiesH,4wCEk,20,17016.24,light,2025-05-22 13:40:01,37,5000
Expedite enterprise mindshareJ,61tBI,9,49411.37,heavy,2025-08-17 13:40:01,41,5000
Deploy robust systemsG,EmvCg,16,9365.52,light,2025-10-16 13:40:01,34,5000
Aggregate enterprise systemsU,NAetJ,4,48786.0,heavy,2026-02-23 13:40:01,39,5000
Mesh bricks-and-clicks networksK,9iru4,15,40496.87,heavy,2025-04-25 13:40:01,41,5000
Architect best-of-breed synergiesY,8OjhD,5,12662.45,medium,2026-02-06 13:40:01,34,5000
Mesh viral e-marketsW,tQIXy,19,19951.77,heavy,2026-01-07 13:40:01,53,5000
Synthesize ubiquitous nichesA,zGrGO,20,26711.93,medium,2025-10-24 13:40:01,34,5000
Re-contextualize viral paradigmsN,5X8UM,11,17907.06,medium,2025-04-22 13:40:01,42,5000
Grow holistic paradigmsU,q6RIP,4,5513.02,heavy,2025-11-22 13:40:01,32,5000
Harness leading-edge channelsM,33JRv,16,37728.44,medium,2025-08-21 13:40:01,39,5000
Harness viral info-mediariesV,F4puV,4,10991.11,medium,2025-12-24 13:40:01,28,5000
Re-intermediate real-time functionalitiesA,ANsSP,17,34164.99,heavy,2025-11-27 13:40:01,52,5000
Leverage seamless channelsU,n8QbQ,8,7321.94,heavy,2025-09-09 13:40:01,30,5000
Deliver sticky channelsH,AUmXT,20,11717.05,light,2026-01-08 13:40:01,50,5000
Utilize leading-edge supply-chainsQ,5w9ef,19,31192.47,heavy,2026-02-18 13:40:01,45,5000
Extend clicks-and-mortar deliverablesI,jzNA4,5,26008.98,light,2025-04-21 13:40:01,34,5000
Iterate scalable convergenceM,RDaDl,9,4614.46,light,2026-01-16 13:40:01,28,5000
Transition robust systemsT,7jq8m,3,11658.15,medium,2025-05-18 13:40:01,29,5000
Revolutionize impactful web servicesN,LlS4d,4,32684.05,heavy,2025-11-07 13:40:01,32,5000
Embrace cross-platform interfacesY,0y4FW,9,13809.51,medium,2025-12-19 13:40:01,39,5000
Brand proactive systemsG,kvEuM,5,31438.49,medium,2025-05-06 13:40:01,41,5000
Utilize extensible schemasA,l9DAT,12,18525.4,light,2025-06-24 13:40:01,26,5000
Cultivate revolutionary e-servicesF,RWRak,10,7735.67,heavy,2026-02-26 13:40:01,42,5000
Empower cross-platform mindshareX,VrIxS,19,21275.1,heavy,2025-11-16 13:40:01,42,5000
Matrix web-enabled e-tailersX,58tD8,6,47962.24,light,2025-10-26 13:40:01,21,5000
Expedite sticky experiencesA,3E3TZ,15,42002.7,light,2025-12-15 13:40:01,32,5000
Drive sticky metricsM,ErwVH,11,31908.45,heavy,2026-02-25 13:40:01,27,5000
Expedite b2c interfacesT,fCBSV,5,20938.65,medium,2025-07-21 13:40:01,45,5000
Empower efficient roiV,O7TBy,9,22262.39,medium,2025-10-31 13:40:01,49,5000
Re-intermediate robust supply-chainsR,8jfCF,18,34043.12,heavy,2026-01-28 13:40:01,30,5000
Extend leading-edge systemsI,Rjr7J,16,38677.2,light,2026-02-13 13:40:01,45,5000
Transition 24/365 action-itemsZ,j7PDo,4,40491.56,light,2025-07-30 13:40:01,40,5000
Integrate e-business mindshareX,2aEro,6,2318.2,light,2025-05-09 13:40:01,38,5000
Synergize customized synergiesU,3WLDb,18,21426.25,light,2026-01-05 13:40:01,50,5000
Engineer world-class communitiesG,IVEDX,16,35240.54,light,2025-07-14 13:40:01,63,5000
Cultivate cross-media platformsO,9pmls,8,33948.56,heavy,2026-01-23 13:40:01,25,5000
Incentivize viral action-itemsM,W3KNl,7,11559.13,heavy,2025-08-15 13:40:01,30,5000
Iterate best-of-breed convergenceD,1O38A,8,35255.12,medium,2026-01-01 13:40:01,35,5000
Redefine robust eyeballsL,JOjnI,5,18443.06,light,2025-06-01 13:40:01,39,5000
Scale turn-key interfacesV,I4C44,9,47607.85,heavy,2026-01-17 13:40:01,41,5000
Streamline magnetic e-tailersF,1l3yR,12,39042.57,heavy,2025-09-02 13:40:01,26,5000
Enable proactive e-commerceJ,s4OSn,17,48555.99,light,2025-08-11 13:40:01,54,5000
Strategize innovative infrastructuresW,BnYLG,18,30517.31,light,2025-05-17 13:40:01,42,5000
Aggregate efficient roiF,BrjK6,3,13836.81,light,2025-10-23 13:40:01,37,5000
Drive one-to-one marketsG,Gjfl0,11,14315.63,medium,2025-06-05 13:40:01,40,5000
Aggregate innovative schemasN,S4lw4,15,34616.72,medium,2025-12-11 13:40:01,46,5000
Seize back-end web-readinessB,95klQ,16,1466.75,light,2025-06-12 13:40:01,26,5000
Transform synergistic partnershipsO,inmLv,17,31036.39,heavy,2025-07-19 13:40:01,49,5000
Embrace intuitive initiativesQ,qDI4E,17,46183.67,light,2026-03-17 13:40:01,27,5000
Iterate end-to-end supply-chainsX,cL5Ct,3,46019.58,heavy,2026-02-19 13:40:01,37,5000
Integrate impactful communitiesT,10zmF,16,4689.9,heavy,2025-07-14 13:40:01,40,5000
Iterate mission-critical schemasA,PM83e,17,16139.04,light,2025-06-05 13:40:01,38,5000
E-enable rich networksQ,8HYW0,4,40883.74,heavy,2026-02-15 13:40:01,27,5000
Deploy magnetic e-tailersK,tDTfS,19,41467.4,light,2025-12-01 13:40:01,49,5000
Extend sticky interfacesU,3BppQ,13,25126.38,light,2026-03-14 13:40:01,53,5000
Seize interactive contentD,ueCLD,5,29555.42,medium,2026-01-08 13:40:01,31,5000
Expedite transparent usersD,koN8l,12,31749.64,medium,2025-08-29 13:40:01,40,5000
Enable 24/7 initiativesH,eL0eQ,8,18477.27,medium,2025-09-05 13:40:01,25,5000
Transform best-of-breed e-marketsS,YAZ1M,5,11141.48,medium,2025-10-22 13:40:01,34,5000
Seize world-class contentQ,FhfC2,18,15118.57,medium,2025-05-26 13:40:01,47,5000
Strategize e-business paradigmsP,fpo7p,4,12739.58,light,2025-05-12 13:40:01,33,5000
Synthesize real-time mindshareJ,pcom9,13,8764.78,medium,2026-03-19 13:40:01,33,5000
Incubate world-class convergenceN,STmTR,11,31354.71,heavy,2025-11-20 13:40:01,22,5000
Syndicate sticky nichesP,2FMty,3,4382.08,heavy,2025-08-13 13:40:01,47,5000
Visualize virtual networksV,5GrqW,15,15197.41,heavy,2025-05-17 13:40:01,23,5000
Evolve frictionless web servicesC,wqlnK,11,3217.65,heavy,2025-11-07 13:40:01,44,5000
Expedite cutting-edge vortalsB,Cu7Tg,8,19896.66,heavy,2025-10-20 13:40:01,25,5000
Implement leading-edge partnershipsK,jSDOk,3,31572.86,heavy,2025-11-10 13:40:01,34,5000
E-enable magnetic nichesJ,PIgfG,12,24645.85,heavy,2026-01-05 13:40:01,30,5000
Engineer cross-platform convergenceN,JfEUa,10,17673.99,heavy,2026-01-03 13:40:01,30,5000
Extend transparent networksG,xpk8q,6,29155.29,heavy,2025-05-18 13:40:01,31,5000
Engineer scalable methodologiesI,fiO7L,7,39877.94,light,2025-07-30 13:40:01,45,5000
Productize open-source methodologiesP,mW1zU,17,6312.18,medium,2025-11-23 13:40:01,25,5000
Repurpose one-to-one nichesX,AzdLG,6,16378.69,light,2025-12-14 13:40:01,38,5000
Deliver cross-platform web servicesM,ewgMV,9,18481.99,light,2025-08-28 13:40:01,45,5000
Target out-of-the-box modelsW,pSBm6,10,49080.63,medium,2026-02-27 13:40:01,51,5000
Cultivate compelling modelsG,Su3SB,15,46410.94,light,2025-12-28 13:40:01,42,5000
Leverage interactive technologiesR,qPgob,5,11725.9,heavy,2025-11-12 13:40:01,24,5000
Engineer seamless marketsZ,yqsL0,7,41555.95,medium,2025-08-25 13:40:01,46,5000
Synergize revolutionary experiencesL,KElow,15,35663.35,light,2025-07-04 13:40:01,39,5000
Syndicate best-of-breed supply-chainsE,UocK1,13,16686.91,medium,2025-09-21 13:40:01,40,5000
Engineer b2b contentO,e1Rsw,12,45278.56,light,2025-09-27 13:40:01,57,5000
E-enable robust paradigmsH,Nu7yz,19,31124.65,light,2026-01-15 13:40:01,42,5000
Target plug-and-play e-marketsU,04cfe,5,24887.48,heavy,2025-08-20 13:40:01,43,5000
Maximize web-enabled e-commerceX,lYmBl,12,40007.66,heavy,2025-04-30 13:40:01,47,5000
Reinvent sticky usersX,BWMMY,14,10531.3,heavy,2025-05-19 13:40:01,35,5000
Empower distributed architecturesL,JOugI,19,8649.7,medium,2025-04-26 13:40:01,48,5000
Incubate scalable mindshareY,TRXmK,14,43035.74,heavy,2025-12-31 13:40:01,22,5000
Enhance strategic architecturesB,Eq969,11,23025.43,light,2025-06-16 13:40:01,38,5000
Grow granular platformsH,iq70E,15,4591.23,heavy,2025-09-18 13:40:01,33,5000
Deliver real-time communitiesR,Y4yGp,5,20248.84,heavy,2026-02-22 13:40:01,22,5000
Seize b2b e-commerceG,IMRbt,5,7645.34,light,2025-10-19 13:40:01,52,5000
E-enable turn-key web servicesN,8707K,17,36697.83,heavy,2025-11-16 13:40:01,49,5000
Architect frictionless schemasN,u9QIf,5,21837.36,heavy,2025-05-14 13:40:01,45,5000
Scale back-end bandwidthV,gMuyU,7,1035.64,medium,2025-06-08 13:40:01,21,5000
Matrix world-class architecturesM,T1uBw,11,37569.78,heavy,2025-04-23 13:40:01,28,5000
Optimize cross-platform initiativesH,N8MLY,14,49489.49,light,2025-10-25 13:40:01,31,5000
Generate b2b methodologiesN,xBxFT,4,16917.61,medium,2025-05-15 13:40:01,26,5000
Seize extensible vortalsS,UTR3p,19,47774.11,heavy,2025-11-03 13:40:01,40,5000
Cultivate e-business networksM,EyGdK,11,40186.94,heavy,2026-01-03 13:40:01,42,5000
Transform visionary nichesO,zT2F1,15,21895.16,medium,2025-06-25 13:40:01,36,5000
Reinvent open-source functionalitiesK,yzIly,5,14442.57,light,2026-01-16 13:40:01,42,5000
Iterate killer infrastructuresW,7ZQgq,13,2080.17,light,2025-09-07 13:40:01,42,5000
Monetize proactive nichesV,bbOuZ,5,20469.6,light,2026-03-02 13:40:01,30,5000
Grow global nichesC,BkbnY,18,24640.54,light,2025-11-03 13:40:01,50,5000
Cultivate granular networksR,og2cc,10,42755.71,medium,2025-08-01 13:40:01,37,5000
Implement integrated communitiesP,rcWGG,6,37225.98,medium,2025-11-29 13:40:01,45,5000
Drive real-time usersE,6kRh7,8,5184.21,heavy,2025-10-25 13:40:01,42,5000
E-enable 24/365 schemasJ,ffCxM,4,8004.8,medium,2025-12-30 13:40:01,36,5000
Extend leading-edge convergenceT,1iqQC,3,37131.15,heavy,2025-04-30 13:40:01,47,5000
Reinvent distributed e-businessZ,wFoVx,5,36189.01,light,2026-03-16 13:40:01,46,5000
Embrace synergistic modelsV,Au4gG,9,40605.11,medium,2026-03-19 13:40:01,33,5000
Evolve collaborative infrastructuresH,E18GX,7,9570.94,light,2026-01-03 13:40:01,46,5000
Grow visionary synergiesU,HUE79,18,36570.83,light,2025-12-05 13:40:01,40,5000
Productize cross-platform e-marketsH,WH8DI,3,31120.38,light,2025-04-24 13:40:01,26,5000
Generate best-of-breed channelsC,UOVmb,3,40175.66,heavy,2025-09-28 13:40:01,37,5000
Benchmark synergistic interfacesY,EZzhi,6,40667.25,light,2025-09-29 13:40:01,27,5000
Evolve back-end channelsM,IOKQ0,6,7779.14,medium,2025-07-19 13:40:01,27,5000
Transform robust synergiesP,LCckh,7,14851.32,light,2025-05-11 13:40:01,53,5000
Innovate integrated schemasG,Ts5IW,7,32431.87,light,2026-03-06 13:40:01,44,5000
Mesh bleeding-edge roiS,QceGt,18,31168.89,heavy,2025-04-19 13:40:01,32,5000
Engage 24/7 architecturesU,y6mHm,3,36955.99,medium,2026-02-01 13:40:01,30,5000
Empower vertical experiencesQ,4DkXt,10,36386.01,heavy,2025-07-15 13:40:01,42,5000
Strategize 24/365 web servicesF,5ctJK,20,14631.21,heavy,2026-03-06 13:40:01,37,5000
Optimize b2c technologiesY,LzhtQ,20,25746.19,light,2026-03-13 13:40:01,29,5000
Monetize integrated vortalsZ,VHW67,11,32847.8,heavy,2025-08-12 13:40:01,47,5000
Productize viral solutionsZ,qDJqy,4,36089.23,medium,2025-10-09 13:40:01,27,5000
Incentivize plug-and-play web-readinessB,CSxLh,13,20614.03,light,2025-05-15 13:40:01,38,5000
Deliver enterprise e-businessP,VICuV,19,42716.54,light,2025-08-09 13:40:01,24,5000
Enable real-time e-businessP,mZry7,8,44938.25,heavy,2025-09-15 13:40:01,51,5000
Re-intermediate b2b applicationsM,0tebc,14,33934.01,heavy,2025-06-21 13:40:01,26,5000
Harness dot-com roiS,iG1m5,13,48268.23,light,2025-12-21 13:40:01,58,5000
Engage intuitive technologiesS,BPxTx,10,23010.51,light,2025-12-06 13:40:01,51,5000
Streamline sticky applicationsV,WtMua,19,25989.59,medium,2025-06-05 13:40:01,28,5000
Revolutionize interactive nichesP,MQ1R1,4,25828.48,light,2025-06-29 13:40:01,51,5000
Embrace frictionless partnershipsH,vQ4W6,12,46038.97,light,2025-05-26 13:40:01,49,5000
Exploit bricks-and-clicks relationshipsQ,OyHng,4,30750.38,medium,2025-10-11 13:40:01,45,5000
Embrace efficient e-businessC,L0HjD,17,37038.41,medium,2026-01-03 13:40:01,40,5000
Reinvent impactful networksN,dOYfs,20,23585.61,heavy,2026-01-27 13:40:01,27,5000
Engage web-enabled paradigmsZ,x8CLU,18,7400.38,heavy,2025-08-31 13:40:01,44,5000
Cultivate innovative e-servicesM,HemLj,15,26309.49,light,2026-02-25 13:40:01,44,5000
Maximize b2b experiencesV,t8KaE,19,6704.34,medium,2025-09-07 13:40:01,63,5000
Enhance killer platformsN,3pYQk,12,11040.24,light,2026-03-11 13:40:01,30,5000
Engineer sticky e-commerceQ,kF3m3,20,49749.65,heavy,2025-04-23 13:40:01,36,5000
Brand impactful e-tailersE,Ki6iI,4,20324.64,medium,2025-05-30 13:40:01,33,5000
Seize world-class systemsX,RPVK6,9,15030.86,heavy,2026-01-29 13:40:01,43,5000
Enhance cutting-edge relationshipsS,W8Zjv,4,1516.11,light,2025-11-26 13:40:01,27,5000
Implement revolutionary applicationsE,NYOgy,14,4990.77,medium,2025-05-13 13:40:01,27,5000
Strategize global e-servicesG,dM8Dh,18,2112.87,medium,2026-02-28 13:40:01,35,5000
Optimize global paradigmsH,rcsb7,4,23830.68,heavy,2025-05-01 13:40:01,33,5000
Benchmark bleeding-edge nichesF,LrUjf,9,47200.51,medium,2025-09-21 13:40:01,41,5000
Maximize vertical networksK,p8ynu,7,1318.42,light,2025-07-09 13:40:01,40,5000
Productize leading-edge technologiesQ,nkXOu,3,22896.39,medium,2025-08-25 13:40:01,20,5000
Drive value-added usersX,4RlUX,11,21977.39,medium,2025-06-08 13:40:01,12,5000
Empower one-to-one e-commerceD,WKwpZ,15,8651.14,medium,2025-08-02 13:40:01,36,5000
Architect next-generation networksA,9NuoY,6,2893.44,heavy,2026-01-08 13:40:01,29,5000
Innovate vertical technologiesH,Viy51,17,2510.2,medium,2025-08-06 13:40:01,34,5000
Optimize virtual paradigmsN,MoP5A,15,25224.46,heavy,2025-10-30 13:40:01,29,5000
Streamline plug-and-play interfacesN,uBGzf,3,24955.06,heavy,2026-01-03 13:40:01,36,5000
Morph back-end bandwidthU,59DkZ,13,7892.01,light,2025-08-20 13:40:01,51,5000
E-enable ubiquitous portalsH,1GR0p,3,31765.13,light,2025-12-31 13:40:01,41,5000
Drive world-class info-mediariesV,ShGAY,18,35556.65,heavy,2025-07-03 13:40:01,29,5000
Orchestrate b2b marketsT,0duUT,18,22966.99,light,2025-07-28 13:40:01,39,5000
Morph granular deliverablesF,DD4vS,15,41178.26,light,2025-11-04 13:40:01,30,5000
Monetize bleeding-edge channelsH,U9ewf,20,32968.66,heavy,2025-06-09 13:40:01,42,5000
Engineer proactive vortalsX,8LmF5,7,42234.25,light,2025-05-28 13:40:01,36,5000
Target customized nichesW,7xfQY,7,33264.99,light,2025-10-05 13:40:01,32,5000
Deliver collaborative bandwidthV,LEcIv,5,7560.21,heavy,2026-01-05 13:40:01,28,5000
Architect web-enabled communitiesR,QguCK,17,27618.18,light,2025-11-14 13:40:01,36,5000
Transform world-class channelsC,k1pR6,5,6235.21,medium,2025-05-29 13:40:01,18,5000
Enhance visionary methodologiesR,2gA6E,8,6936.44,medium,2025-07-12 13:40:01,37,5000
Facilitate mission-critical platformsQ,Z808b,19,41241.79,medium,2026-01-25 13:40:01,38,5000
Matrix world-class paradigmsX,E0y5A,15,40072.25,medium,2025-11-29 13:40:01,46,5000
Embrace dynamic vortalsT,UzBeO,3,48324.27,heavy,2026-02-03 13:40:01,39,5000
Integrate holistic contentI,VVfnW,19,34604.38,light,2026-01-12 13:40:01,35,5000
Cultivate turn-key metricsQ,kJGq6,18,30615.87,heavy,2026-02-13 13:40:01,41,5000
Redefine b2c solutionsB,BG5hK,4,5871.85,medium,2025-07-03 13:40:01,29,5000
Matrix clicks-and-mortar web servicesV,YUEX4,5,36367.06,heavy,2025-12-04 13:40:01,27,5000
Iterate sticky bandwidthY,M67M8,3,39035.48,heavy,2025-04-23 13:40:01,30,5000
Redefine vertical vortalsT,IdKFI,9,35423.67,light,2025-05-31 13:40:01,13,5000
Embrace bleeding-edge technologiesR,I0tVl,19,22433.12,heavy,2025-09-27 13:40:01,31,5000
Maximize bleeding-edge roiL,MkZRs,15,35388.34,light,2026-01-24 13:40:01,34,5000
Reinvent cross-media mindshareV,IctAt,9,45958.93,light,2025-10-04 13:40:01,22,5000
Expedite efficient applicationsF,yylbX,10,10676.25,heavy,2025-08-15 13:40:01,55,5000
Syndicate mission-critical experiencesF,u1RN1,6,19944.57,light,2025-06-13 13:40:01,37,5000
Strategize revolutionary networksF,1q1UK,6,15828.08,light,2025-06-04 13:40:01,30,5000
Maximize end-to-end contentE,lfgtw,8,41485.22,heavy,2025-10-28 13:40:01,33,5000
Iterate killer paradigmsI,Tm29b,8,14348.8,heavy,2026-02-03 13:40:01,33,5000
Evolve front-end infrastructuresL,CD5dl,11,26417.5,heavy,2025-11-05 13:40:01,22,5000
Grow strategic marketsV,i6Mvm,15,26393.32,light,2025-06-20 13:40:01,26,5000
Aggregate dot-com systemsF,8wLRJ,15,13094.27,light,2025-05-08 13:40:01,48,5000
Aggregate holistic marketsZ,HQq48,11,23627.73,heavy,2025-05-28 13:40:01,38,5000
